LocationID,LocationType,ParentID,Name,SortOrder
1,1,,JOHOR,1
2,2,1,AYER BALOI,2
3,3,2,82100,3
4,2,1,AYER HITAM,4
5,3,4,86100,5
6,2,1,AYER TAWAR 2,6
7,3,6,81920,7
8,2,1,BANDAR PENAWAR,8
9,3,8,81930,9
10,2,1,BANDAR TENGGARA,10
11,3,10,81440,11
12,2,1,BATU ANAM,12
13,3,12,85100,13
14,2,1,BATU PAHAT,14
15,3,14,83000,15
16,3,14,83010,16
17,2,1,BEKOK,17
18,3,17,86500,18
19,2,1,BENUT,19
20,3,19,82200,20
21,2,1,BUKIT GAMBIR,21
22,3,21,84800,22
23,2,1,BUKIT PASIR,23
24,3,23,84300,24
25,2,1,CHAAH,25
26,3,25,85400,26
27,2,1,ENDAU,27
28,3,27,86900,28
29,2,1,GELANG PATAH,29
30,3,29,81550,30
31,2,1,GERISEK,31
32,3,31,84700,32
33,2,1,GUGUSAN TAIB ANDAK,33
34,3,33,81450,34
35,2,1,ISKANDAR PUTERI,35
36,3,35,79000,36
37,3,35,79050,37
38,3,35,79100,38
39,3,35,79150,39
40,3,35,79200,40
41,3,35,79250,41
42,3,35,79502,42
43,3,35,79503,43
44,3,35,79504,44
45,3,35,79505,45
46,3,35,79511,46
47,3,35,79513,47
48,3,35,79514,48
49,3,35,79517,49
50,3,35,79518,50
51,3,35,79520,51
52,3,35,79521,52
53,3,35,79523,53
54,3,35,79532,54
55,3,35,79538,55
56,3,35,79540,56
57,3,35,79546,57
58,3,35,79548,58
59,3,35,79550,59
60,3,35,79552,60
61,3,35,79555,61
62,3,35,79570,62
63,3,35,79575,63
64,3,35,79576,64
65,3,35,79592,65
66,3,35,79601,66
67,3,35,79603,67
68,3,35,79605,68
69,3,35,79606,69
70,3,35,79612,70
71,3,35,79626,71
72,3,35,79630,72
73,3,35,79632,73
74,3,35,79646,74
75,3,35,79658,75
76,3,35,79660,76
77,3,35,79680,77
78,3,35,79681,78
79,3,35,79683,79
80,2,1,JEMENTAH,80
81,3,80,85200,81
82,2,1,JOHOR BAHRU,82
83,3,82,80000,83
84,3,82,80050,84
85,3,82,80100,85
86,3,82,80150,86
87,3,82,80200,87
88,3,82,80250,88
89,3,82,80300,89
90,3,82,80350,90
91,3,82,80400,91
92,3,82,80500,92
93,3,82,80506,93
94,3,82,80508,94
95,3,82,80516,95
96,3,82,80519,96
97,3,82,80534,97
98,3,82,80536,98
99,3,82,80542,99
100,3,82,80546,100
101,3,82,80558,101
102,3,82,80560,102
103,3,82,80564,103
104,3,82,80568,104
105,3,82,80578,105
106,3,82,80584,106
107,3,82,80586,107
108,3,82,80590,108
109,3,82,80592,109
110,3,82,80594,110
111,3,82,80596,111
112,3,82,80600,112
113,3,82,80604,113
114,3,82,80608,114
115,3,82,80620,115
116,3,82,80622,116
117,3,82,80628,117
118,3,82,80644,118
119,3,82,80648,119
120,3,82,80662,120
121,3,82,80664,121
122,3,82,80668,122
123,3,82,80670,123
124,3,82,80672,124
125,3,82,80673,125
126,3,82,80676,126
127,3,82,80700,127
128,3,82,80710,128
129,3,82,80720,129
130,3,82,80730,130
131,3,82,80900,131
132,3,82,80902,132
133,3,82,80904,133
134,3,82,80906,134
135,3,82,80908,135
136,3,82,80988,136
137,3,82,80990,137
138,3,82,81100,138
139,3,82,81200,139
140,3,82,81300,140
141,3,82,81310,141
142,2,1,KAHANG,142
143,3,142,86700,143
144,2,1,KLUANG,144
145,3,144,86000,145
146,2,1,KOTA TINGGI,146
147,3,146,81900,147
148,2,1,KUKUP,148
149,3,148,82300,149
150,2,1,LABIS,150
151,3,150,85300,151
152,2,1,LAYANG-LAYANG,152
153,3,152,81850,153
154,2,1,MASAI,154
155,3,154,81750,155
156,2,1,MERSING,156
157,3,156,86800,157
158,3,156,86810,158
159,2,1,MUAR,159
160,3,159,84000,160
161,3,159,84200,161
162,2,1,PAGOH,162
163,3,162,84600,163
164,2,1,PALOH,164
165,3,164,86600,165
166,2,1,PANCHOR,166
167,3,166,84500,167
168,2,1,PARIT JAWA,168
169,3,168,84150,169
170,2,1,PARIT RAJA,170
171,3,170,86400,171
172,2,1,PARIT SULONG,172
173,3,172,83500,173
174,2,1,PASIR GUDANG,174
175,3,174,81700,175
176,2,1,PEKAN NENAS,176
177,3,176,81500,177
178,2,1,PENGERANG,178
179,3,178,81600,179
180,2,1,PONTIAN,180
181,3,180,82000,181
182,2,1,PULAU SATU,182
183,3,182,81550,183
184,2,1,RENGAM,184
185,3,184,86300,185
186,2,1,RENGIT,186
187,3,186,83100,187
188,2,1,SEGAMAT,188
189,3,188,85000,189
190,3,188,85010,190
191,3,188,85020,191
192,2,1,SEMERAH,192
193,3,192,83600,193
194,2,1,SENAI,194
195,3,194,81400,195
196,2,1,SENGGARANG,196
197,3,196,83200,197
198,2,1,SERI GADING,198
199,3,198,83300,199
200,2,1,SERI MEDAN,200
201,3,200,83400,201
202,2,1,SIMPANG RENGAM,202
203,3,202,86200,203
204,2,1,SUNGAI MATI,204
205,3,204,84400,205
206,2,1,TANGKAK,206
207,3,206,84900,207
208,2,1,ULU TIRAM,208
209,3,208,81800,209
210,2,1,WILAYAH PERSEKUTUAN KUALA LUMPURAI,210
211,3,210,81000,211
212,3,210,81030,212
213,2,1,YONG PENG,213
214,3,213,83700,214
215,1,,KEDAH,215
216,2,215,ALOR SETAR,216
217,3,216,05000,217
218,3,216,05050,218
219,3,216,05100,219
220,3,216,05150,220
221,3,216,05200,221
222,3,216,05250,222
223,3,216,05300,223
224,3,216,05350,224
225,3,216,05400,225
226,3,216,05460,226
227,3,216,05500,227
228,3,216,05502,228
229,3,216,05503,229
230,3,216,05504,230
231,3,216,05505,231
232,3,216,05506,232
233,3,216,05508,233
234,3,216,05512,234
235,3,216,05514,235
236,3,216,05516,236
237,3,216,05517,237
238,3,216,05518,238
239,3,216,05520,239
240,3,216,05532,240
241,3,216,05534,241
242,3,216,05536,242
243,3,216,05538,243
244,3,216,05550,244
245,3,216,05551,245
246,3,216,05552,246
247,3,216,05556,247
248,3,216,05558,248
249,3,216,05560,249
250,3,216,05564,250
251,3,216,05576,251
252,3,216,05578,252
253,3,216,05580,253
254,3,216,05582,254
255,3,216,05586,255
256,3,216,05590,256
257,3,216,05592,257
258,3,216,05594,258
259,3,216,05600,259
260,3,216,05604,260
261,3,216,05610,261
262,3,216,05612,262
263,3,216,05614,263
264,3,216,05620,264
265,3,216,05621,265
266,3,216,05622,266
267,3,216,05626,267
268,3,216,05628,268
269,3,216,05630,269
270,3,216,05632,270
271,3,216,05644,271
272,3,216,05660,272
273,3,216,05661,273
274,3,216,05664,274
275,3,216,05670,275
276,3,216,05672,276
277,3,216,05673,277
278,3,216,05674,278
279,3,216,05675,279
280,3,216,05676,280
281,3,216,05680,281
282,3,216,05690,282
283,3,216,05696,283
284,3,216,05700,284
285,3,216,05710,285
286,3,216,05720,286
287,3,216,05990,287
288,3,216,06250,288
289,3,216,06509,289
290,3,216,06550,290
291,3,216,06570,291
292,3,216,06660,292
293,2,215,AYER HITAM,293
294,3,293,06150,294
295,2,215,BALING,295
296,3,295,09100,296
297,3,295,09120,297
298,3,295,09130,298
299,2,215,BANDAR BAHARU,299
300,3,299,14290,300
301,3,299,14390,301
302,3,299,34950,302
303,2,215,BEDONG,303
304,3,303,08100,304
305,3,303,08110,305
306,2,215,BUKIT KAYU HITAM,306
307,3,306,06050,307
308,2,215,CHANGLOON,308
309,3,308,06010,309
310,2,215,GURUN,310
311,3,310,08300,311
312,3,310,08330,312
313,3,310,08800,313
314,2,215,JENIANG,314
315,3,314,08320,315
316,3,314,08700,316
317,2,215,JITRA,317
318,3,317,06000,318
319,3,317,06007,319
320,3,317,06009,320
321,2,215,KARANGAN,321
322,3,321,09700,322
323,2,215,KEPALA BATAS,323
324,3,323,06200,324
325,3,323,06207,325
326,3,323,06209,326
327,2,215,KODIANG,327
328,3,327,06100,328
329,2,215,KOTA KUALA MUDA,329
330,3,329,08500,330
331,3,329,08507,331
332,3,329,08509,332
333,2,215,KOTA SARANG SEMUT,333
334,3,333,06800,334
335,2,215,KUALA KEDAH,335
336,3,335,06600,336
337,2,215,KUALA KETIL,337
338,3,337,09300,338
339,3,337,09310,339
340,2,215,KUALA NERANG,340
341,3,340,06300,341
342,2,215,KUALA PEGANG,342
343,3,342,09110,343
344,2,215,KUPANG,344
345,3,344,09200,345
346,2,215,LANGGAR,346
347,3,346,06500,347
348,3,346,06507,348
349,2,215,LANGKAWI,349
350,3,349,07000,350
351,3,349,07007,351
352,3,349,07009,352
353,2,215,LUNAS,353
354,3,353,09600,354
355,2,215,MERBOK,355
356,3,355,08400,356
357,3,355,08407,357
358,3,355,08409,358
359,2,215,PADANG SERAI,359
360,3,359,09400,360
361,3,359,09410,361
362,2,215,PENDANG,362
363,3,362,06700,363
364,3,362,06707,364
365,3,362,06709,365
366,3,362,06710,366
367,3,362,06720,367
368,3,362,06750,368
369,2,215,POKOK SENA,369
370,3,369,06350,370
371,3,369,06400,371
372,3,369,06760,372
373,2,215,SERDANG,373
374,3,373,09800,374
375,3,373,09810,375
376,2,215,SIK,376
377,3,376,08200,377
378,3,376,08210,378
379,3,376,08340,379
380,2,215,SIMPANG EMPAT,380
381,3,380,06650,381
382,2,215,SUNGAI PETANI,382
383,3,382,08000,383
384,3,382,08007,384
385,3,382,08009,385
386,3,382,08010,386
387,3,382,08600,387
388,2,215,UNIVERSITI UTARA MALAYSIA,388
389,3,388,06010,389
390,2,215,WILAYAH PERSEKUTUAN KUALA LUMPURIM,390
391,3,390,09000,391
392,3,390,09007,392
393,3,390,09009,393
394,3,390,09010,394
395,3,390,09020,395
396,3,390,09090,396
397,2,215,YAN,397
398,3,397,06900,398
399,3,397,06910,399
400,1,,KELANTAN,400
401,2,400,AYER LANAS,401
402,3,401,17700,402
403,2,400,BACHOK,403
404,3,403,16020,404
405,3,403,16030,405
406,3,403,16050,406
407,3,403,16060,407
408,3,403,16070,408
409,3,403,16090,409
410,3,403,16300,410
411,3,403,16310,411
412,3,403,16320,412
413,2,400,CHERANG RUKU,413
414,3,413,16700,414
415,2,400,DABONG,415
416,3,415,18200,416
417,2,400,GUA MUSANG,417
418,3,417,18300,418
419,2,400,JELI,419
420,3,419,17600,420
421,2,400,KEM DESA PAHLAWAN,421
422,3,421,16500,422
423,2,400,KETEREH,423
424,3,423,16450,424
425,2,400,KOTA BHARU,425
426,3,425,15000,426
427,3,425,15050,427
428,3,425,15100,428
429,3,425,15150,429
430,3,425,15159,430
431,3,425,15200,431
432,3,425,15300,432
433,3,425,15350,433
434,3,425,15400,434
435,3,425,15500,435
436,3,425,15502,436
437,3,425,15503,437
438,3,425,15504,438
439,3,425,15505,439
440,3,425,15506,440
441,3,425,15508,441
442,3,425,15512,442
443,3,425,15514,443
444,3,425,15516,444
445,3,425,15517,445
446,3,425,15518,446
447,3,425,15519,447
448,3,425,15520,448
449,3,425,15524,449
450,3,425,15529,450
451,3,425,15532,451
452,3,425,15534,452
453,3,425,15536,453
454,3,425,15538,454
455,3,425,15540,455
456,3,425,15546,456
457,3,425,15548,457
458,3,425,15550,458
459,3,425,15551,459
460,3,425,15556,460
461,3,425,15558,461
462,3,425,15560,462
463,3,425,15564,463
464,3,425,15570,464
465,3,425,15572,465
466,3,425,15576,466
467,3,425,15578,467
468,3,425,15582,468
469,3,425,15586,469
470,3,425,15590,470
471,3,425,15592,471
472,3,425,15594,472
473,3,425,15596,473
474,3,425,15600,474
475,3,425,15604,475
476,3,425,15608,476
477,3,425,15609,477
478,3,425,15612,478
479,3,425,15614,479
480,3,425,15616,480
481,3,425,15622,481
482,3,425,15623,482
483,3,425,15626,483
484,3,425,15628,484
485,3,425,15630,485
486,3,425,15632,486
487,3,425,15634,487
488,3,425,15644,488
489,3,425,15646,489
490,3,425,15648,490
491,3,425,15658,491
492,3,425,15660,492
493,3,425,15661,493
494,3,425,15664,494
495,3,425,15670,495
496,3,425,15672,496
497,3,425,15673,497
498,3,425,15674,498
499,3,425,15676,499
500,3,425,15680,500
501,3,425,15690,501
502,3,425,15710,502
503,3,425,15720,503
504,3,425,15730,504
505,3,425,15740,505
506,3,425,15988,506
507,3,425,15990,507
508,3,425,16010,508
509,3,425,16100,509
510,3,425,16109,510
511,3,425,16150,511
512,2,400,KUALA BALAH,512
513,3,512,17610,513
514,2,400,KUALA KRAI,514
515,3,514,18000,515
516,3,514,18050,516
517,2,400,MACHANG,517
518,3,517,18500,518
519,2,400,MELOR,519
520,3,519,16400,520
521,2,400,PASIR MAS,521
522,3,521,17000,522
523,3,521,17007,523
524,3,521,17009,524
525,3,521,17010,525
526,3,521,17020,526
527,3,521,17030,527
528,3,521,17040,528
529,3,521,17050,529
530,3,521,17060,530
531,3,521,17070,531
532,2,400,PASIR PUTEH,532
533,3,532,16800,533
534,2,400,PULAI CHONDONG,534
535,3,534,16600,535
536,2,400,RANTAU PANJANG,536
537,3,536,17200,537
538,2,400,SELISING,538
539,3,538,16810,539
540,2,400,TANAH MERAH,540
541,3,540,17500,541
542,3,540,17507,542
543,3,540,17509,543
544,3,540,17510,544
545,2,400,TEMANGAN,545
546,3,545,18400,546
547,2,400,TUMPAT,547
548,3,547,16080,548
549,3,547,16200,549
550,3,547,16210,550
551,2,400,WAKAF BHARU,551
552,3,551,16040,552
553,3,551,16250,553
554,1,,MELAKA,554
555,2,554,ALOR GAJAH,555
556,3,555,78000,556
557,3,555,78009,557
558,2,554,ASAHAN,558
559,3,558,77100,559
560,3,558,77109,560
561,2,554,AYER KEROH,561
562,3,561,75450,562
563,2,554,BEMBAN,563
564,3,563,77200,564
565,2,554,DURIAN TUNGGAL,565
566,3,565,76100,566
567,3,565,76109,567
568,2,554,JASIN,568
569,3,568,77000,569
570,3,568,77007,570
571,3,568,77008,571
572,3,568,77009,572
573,2,554,KEM TRENDAK,573
574,3,573,76200,574
575,2,554,KUALA SUNGAI BARU,575
576,3,575,78200,576
577,2,554,LUBOK CHINA,577
578,3,577,78100,578
579,2,554,MASJID TANAH,579
580,3,579,78300,580
581,3,579,78307,581
582,3,579,78309,582
583,2,554,MELAKA,583
584,3,583,75000,584
585,3,583,75050,585
586,3,583,75100,586
587,3,583,75150,587
588,3,583,75200,588
589,3,583,75250,589
590,3,583,75260,590
591,3,583,75300,591
592,3,583,75350,592
593,3,583,75400,593
594,3,583,75460,594
595,3,583,75500,595
596,3,583,75502,596
597,3,583,75503,597
598,3,583,75504,598
599,3,583,75505,599
600,3,583,75506,600
601,3,583,75508,601
602,3,583,75510,602
603,3,583,75512,603
604,3,583,75514,604
605,3,583,75516,605
606,3,583,75517,606
607,3,583,75518,607
608,3,583,75519,608
609,3,583,75532,609
610,3,583,75536,610
611,3,583,75538,611
612,3,583,75540,612
613,3,583,75542,613
614,3,583,75546,614
615,3,583,75550,615
616,3,583,75551,616
617,3,583,75552,617
618,3,583,75560,618
619,3,583,75564,619
620,3,583,75566,620
621,3,583,75570,621
622,3,583,75572,622
623,3,583,75576,623
624,3,583,75578,624
625,3,583,75582,625
626,3,583,75584,626
627,3,583,75586,627
628,3,583,75590,628
629,3,583,75592,629
630,3,583,75594,630
631,3,583,75596,631
632,3,583,75600,632
633,3,583,75604,633
634,3,583,75606,634
635,3,583,75608,635
636,3,583,75609,636
637,3,583,75610,637
638,3,583,75612,638
639,3,583,75618,639
640,3,583,75620,640
641,3,583,75622,641
642,3,583,75626,642
643,3,583,75628,643
644,3,583,75630,644
645,3,583,75632,645
646,3,583,75646,646
647,3,583,75648,647
648,3,583,75662,648
649,3,583,75670,649
650,3,583,75672,650
651,3,583,75673,651
652,3,583,75674,652
653,3,583,75676,653
654,3,583,75690,654
655,3,583,75700,655
656,3,583,75710,656
657,3,583,75720,657
658,3,583,75730,658
659,3,583,75740,659
660,3,583,75750,660
661,3,583,75760,661
662,3,583,75900,662
663,3,583,75902,663
664,3,583,75904,664
665,3,583,75906,665
666,3,583,75908,666
667,3,583,75910,667
668,3,583,75912,668
669,3,583,75914,669
670,3,583,75916,670
671,3,583,75918,671
672,3,583,75990,672
673,3,583,76450,673
674,2,554,MERLIMAU,674
675,3,674,77300,675
676,3,674,77309,676
677,2,554,SELANDAR,677
678,3,677,77500,678
679,2,554,SUNGAI RAMBAI,679
680,3,679,77400,680
681,3,679,77409,681
682,2,554,SUNGAI UDANG,682
683,3,682,76300,683
684,2,554,TANJONG KLING,684
685,3,684,76400,685
686,3,684,76409,686
687,1,,NEGERI SEMBILAN,687
688,2,687,BAHAU,688
689,3,688,72100,689
690,3,688,72107,690
691,3,688,72109,691
692,2,687,BANDAR ENSTEK,692
693,3,692,71760,693
694,2,687,BANDAR SERI JEMPOL,694
695,3,694,72120,695
696,3,694,72127,696
697,3,694,72129,697
698,2,687,BATU KIKIR,698
699,3,698,72200,699
700,3,698,72207,700
701,3,698,72209,701
702,2,687,GEMAS,702
703,3,702,73400,703
704,3,702,73409,704
705,3,702,73420,705
706,3,702,73480,706
707,2,687,GEMENCHEH,707
708,3,707,73200,708
709,3,707,73207,709
710,3,707,73209,710
711,3,707,73300,711
712,3,707,73309,712
713,2,687,JOHOL,713
714,3,713,73100,714
715,3,713,73109,715
716,2,687,KOTA,716
717,3,716,71350,717
718,3,716,71359,718
719,2,687,KUALA KLAWANG,719
720,3,719,71600,720
721,3,719,71609,721
722,3,719,71650,722
723,3,719,71659,723
724,2,687,KUALA PILAH,724
725,3,724,72000,725
726,3,724,72007,726
727,3,724,72009,727
728,3,724,72500,728
729,3,724,72507,729
730,3,724,72509,730
731,2,687,LABU,731
732,3,731,71900,732
733,3,731,71907,733
734,3,731,71909,734
735,2,687,LINGGI,735
736,3,735,71150,736
737,3,735,71159,737
738,2,687,MANTIN,738
739,3,738,71700,739
740,3,738,71707,740
741,3,738,71709,741
742,3,738,71750,742
743,3,738,71759,743
744,2,687,NIAI,744
745,3,744,71800,745
746,2,687,NILAI,746
747,3,746,71800,747
748,3,746,71807,748
749,3,746,71809,749
750,2,687,PORT DICKSON,750
751,3,750,71000,751
752,3,750,71007,752
753,3,750,71009,753
754,3,750,71010,754
755,3,750,71960,755
756,2,687,PUSAT BANDAR PALONG,756
757,3,756,73430,757
758,3,756,73440,758
759,3,756,73450,759
760,3,756,73460,760
761,3,756,73470,761
762,2,687,RANTAU,762
763,3,762,71100,763
764,3,762,71109,764
765,3,762,71200,765
766,3,762,71209,766
767,2,687,REMBAU,767
768,3,767,71300,768
769,3,767,71309,769
770,3,767,71400,770
771,3,767,71409,771
772,2,687,ROMPIN,772
773,3,772,73500,773
774,3,772,73507,774
775,3,772,73509,775
776,2,687,SEREMBAN,776
777,3,776,70000,777
778,3,776,70100,778
779,3,776,70200,779
780,3,776,70300,780
781,3,776,70400,781
782,3,776,70450,782
783,3,776,70500,783
784,3,776,70502,784
785,3,776,70503,785
786,3,776,70504,786
787,3,776,70505,787
788,3,776,70506,788
789,3,776,70508,789
790,3,776,70512,790
791,3,776,70516,791
792,3,776,70517,792
793,3,776,70518,793
794,3,776,70532,794
795,3,776,70534,795
796,3,776,70536,796
797,3,776,70540,797
798,3,776,70546,798
799,3,776,70548,799
800,3,776,70550,800
801,3,776,70551,801
802,3,776,70558,802
803,3,776,70560,803
804,3,776,70564,804
805,3,776,70570,805
806,3,776,70572,806
807,3,776,70576,807
808,3,776,70578,808
809,3,776,70582,809
810,3,776,70586,810
811,3,776,70590,811
812,3,776,70592,812
813,3,776,70594,813
814,3,776,70596,814
815,3,776,70600,815
816,3,776,70604,816
817,3,776,70606,817
818,3,776,70608,818
819,3,776,70609,819
820,3,776,70610,820
821,3,776,70620,821
822,3,776,70626,822
823,3,776,70628,823
824,3,776,70632,824
825,3,776,70634,825
826,3,776,70644,826
827,3,776,70646,827
828,3,776,70648,828
829,3,776,70658,829
830,3,776,70664,830
831,3,776,70670,831
832,3,776,70672,832
833,3,776,70673,833
834,3,776,70674,834
835,3,776,70676,835
836,3,776,70690,836
837,3,776,70700,837
838,3,776,70710,838
839,3,776,70720,839
840,3,776,70730,840
841,3,776,70740,841
842,3,776,70750,842
843,3,776,70990,843
844,3,776,71450,844
845,3,776,71459,845
846,3,776,71770,846
847,3,776,71950,847
848,2,687,SI RUSA,848
849,3,848,71050,849
850,3,848,71059,850
851,3,848,71250,851
852,3,848,71259,852
853,2,687,SIMPANG DURIAN,853
854,3,853,72400,854
855,3,853,72409,855
856,2,687,SIMPANG PERTANG,856
857,3,856,72300,857
858,3,856,72307,858
859,3,856,72309,859
860,2,687,TAMPIN,860
861,3,860,73000,861
862,3,860,73007,862
863,3,860,73009,863
864,2,687,TANJONG IPOH,864
865,3,864,71500,865
866,3,864,71509,866
867,3,864,71550,867
868,3,864,71559,868
869,1,,PAHANG,869
870,2,869,BALOK,870
871,3,870,26150,871
872,3,870,26190,872
873,2,869,BANDAR BERA,873
874,3,873,28200,874
875,2,869,BANDAR PUSAT JENGKA,875
876,3,875,26400,876
877,3,875,26410,877
878,3,875,26420,878
879,3,875,26430,879
880,3,875,26440,880
881,3,875,26450,881
882,3,875,26460,882
883,3,875,26485,883
884,3,875,26490,884
885,2,869,BANDAR TUN ABDUL RAZAK,885
886,3,885,26900,886
887,2,869,BENTA,887
888,3,887,27300,888
889,3,887,27310,889
890,2,869,BENTONG,890
891,3,890,28700,891
892,3,890,28707,892
893,3,890,28709,893
894,3,890,28730,894
895,3,890,28740,895
896,3,890,28750,896
897,2,869,BRINCHANG,897
898,3,897,39100,898
899,2,869,BUKIT FRASER,899
900,3,899,49000,900
901,2,869,BUKIT GOH,901
902,3,901,26050,902
903,3,901,26090,903
904,2,869,BUKIT KUIN,904
905,3,904,26180,905
906,2,869,CHENOR,906
907,3,906,28100,907
908,2,869,CHINI,908
909,3,908,26690,909
910,2,869,DAMAK,910
911,3,910,27030,911
912,2,869,DONG,912
913,3,912,27400,913
914,2,869,GAMBANG,914
915,3,914,26300,915
916,3,914,26310,916
917,3,914,26320,917
918,3,914,26330,918
919,3,914,26340,919
920,3,914,26350,920
921,3,914,26360,921
922,3,914,26370,922
923,2,869,GENTING HIGHLANDS,923
924,3,923,69000,924
925,2,869,JERANTUT,925
926,3,925,27000,926
927,3,925,27010,927
928,3,925,27020,928
929,3,925,27040,929
930,3,925,27050,930
931,3,925,27060,931
932,3,925,27070,932
933,3,925,27090,933
934,3,925,27150,934
935,2,869,KARAK,935
936,3,935,28600,936
937,3,935,28610,937
938,3,935,28620,938
939,2,869,KEMAYAN,939
940,3,939,28340,940
941,3,939,28380,941
942,2,869,KUALA KRAU,942
943,3,942,28050,943
944,2,869,KUALA LIPIS,944
945,3,944,27200,945
946,3,944,27207,946
947,3,944,27209,947
948,3,944,27210,948
949,2,869,KUALA ROMPIN,949
950,3,949,26800,950
951,3,949,26810,951
952,3,949,26820,952
953,2,869,KUANTAN,953
954,3,953,25000,954
955,3,953,25050,955
956,3,953,25100,956
957,3,953,25150,957
958,3,953,25200,958
959,3,953,25250,959
960,3,953,25300,960
961,3,953,25350,961
962,3,953,25500,962
963,3,953,25502,963
964,3,953,25503,964
965,3,953,25504,965
966,3,953,25505,966
967,3,953,25506,967
968,3,953,25508,968
969,3,953,25509,969
970,3,953,25512,970
971,3,953,25514,971
972,3,953,25516,972
973,3,953,25517,973
974,3,953,25518,974
975,3,953,25520,975
976,3,953,25524,976
977,3,953,25529,977
978,3,953,25532,978
979,3,953,25534,979
980,3,953,25536,980
981,3,953,25538,981
982,3,953,25540,982
983,3,953,25546,983
984,3,953,25548,984
985,3,953,25550,985
986,3,953,25551,986
987,3,953,25552,987
988,3,953,25556,988
989,3,953,25558,989
990,3,953,25560,990
991,3,953,25564,991
992,3,953,25570,992
993,3,953,25576,993
994,3,953,25578,994
995,3,953,25582,995
996,3,953,25584,996
997,3,953,25586,997
998,3,953,25590,998
999,3,953,25592,999
1000,3,953,25594,1000
1001,3,953,25596,1001
1002,3,953,25598,1002
1003,3,953,25600,1003
1004,3,953,25604,1004
1005,3,953,25606,1005
1006,3,953,25608,1006
1007,3,953,25609,1007
1008,3,953,25610,1008
1009,3,953,25612,1009
1010,3,953,25614,1010
1011,3,953,25620,1011
1012,3,953,25622,1012
1013,3,953,25626,1013
1014,3,953,25628,1014
1015,3,953,25630,1015
1016,3,953,25632,1016
1017,3,953,25644,1017
1018,3,953,25646,1018
1019,3,953,25648,1019
1020,3,953,25656,1020
1021,3,953,25660,1021
1022,3,953,25661,1022
1023,3,953,25662,1023
1024,3,953,25670,1024
1025,3,953,25672,1025
1026,3,953,25673,1026
1027,3,953,25674,1027
1028,3,953,25676,1028
1029,3,953,25690,1029
1030,3,953,25700,1030
1031,3,953,25710,1031
1032,3,953,25720,1032
1033,3,953,25730,1033
1034,3,953,25740,1034
1035,3,953,25750,1035
1036,3,953,25990,1036
1037,3,953,26010,1037
1038,3,953,26040,1038
1039,3,953,26060,1039
1040,3,953,26070,1040
1041,3,953,26080,1041
1042,3,953,26100,1042
1043,3,953,26140,1043
1044,3,953,26250,1044
1045,2,869,LANCHANG,1045
1046,3,1045,28500,1046
1047,2,869,LURAH BILUT,1047
1048,3,1047,28800,1048
1049,2,869,MARAN,1049
1050,3,1049,26500,1050
1051,2,869,MENTAKAB,1051
1052,3,1051,28400,1052
1053,3,1051,28407,1053
1054,3,1051,28409,1054
1055,2,869,MUADZAM SHAH,1055
1056,3,1055,26700,1056
1057,2,869,PADANG TENGKU,1057
1058,3,1057,27100,1058
1059,2,869,PEKAN,1059
1060,3,1059,26600,1060
1061,3,1059,26607,1061
1062,3,1059,26609,1062
1063,3,1059,26610,1063
1064,3,1059,26620,1064
1065,3,1059,26630,1065
1066,3,1059,26640,1066
1067,3,1059,26650,1067
1068,3,1059,26660,1068
1069,3,1059,26680,1069
1070,2,869,RAUB,1070
1071,3,1070,27500,1071
1072,3,1070,27600,1072
1073,3,1070,27607,1073
1074,3,1070,27609,1074
1075,3,1070,27610,1075
1076,3,1070,27620,1076
1077,3,1070,27630,1077
1078,3,1070,27670,1078
1079,2,869,RINGLET,1079
1080,3,1079,39200,1080
1081,2,869,SEGA,1081
1082,3,1081,27660,1082
1083,2,869,SUNGAI KOYAN,1083
1084,3,1083,27650,1084
1085,2,869,SUNGAI LEMBING,1085
1086,3,1085,26200,1086
1087,2,869,TANAH RATA,1087
1088,3,1087,39000,1088
1089,3,1087,39007,1089
1090,3,1087,39009,1090
1091,3,1087,39010,1091
1092,2,869,TEMERLOH,1092
1093,3,1092,28000,1093
1094,3,1092,28007,1094
1095,3,1092,28009,1095
1096,3,1092,28010,1096
1097,3,1092,28020,1097
1098,3,1092,28030,1098
1099,3,1092,28040,1099
1100,2,869,TRIANG,1100
1101,3,1100,28300,1101
1102,3,1100,28310,1102
1103,3,1100,28320,1103
1104,3,1100,28330,1104
1105,1,,PERAK,1105
1106,2,1105,AYER TAWAR,1106
1107,3,1106,32400,1107
1108,2,1105,BAGAN DATOH,1108
1109,3,1108,36100,1109
1110,2,1105,BAGAN SERAI,1110
1111,3,1110,34300,1111
1112,3,1110,34310,1112
1113,2,1105,BANDAR SERI ISKANDAR,1113
1114,3,1113,32610,1114
1115,2,1105,BATU GAJAH,1115
1116,3,1115,31000,1116
1117,3,1115,31007,1117
1118,3,1115,31009,1118
1119,2,1105,BATU KURAU,1119
1120,3,1119,34500,1120
1121,3,1119,34510,1121
1122,3,1119,34520,1122
1123,2,1105,BEHRANG STESEN,1123
1124,3,1123,35950,1124
1125,2,1105,BIDOR,1125
1126,3,1125,35500,1126
1127,2,1105,BOTA,1127
1128,3,1127,32600,1128
1129,2,1105,BRUAS,1129
1130,3,1129,32700,1130
1131,2,1105,CHANGKAT JERING,1131
1132,3,1131,34850,1132
1133,2,1105,CHANGKAT KERUING,1133
1134,3,1133,32500,1134
1135,2,1105,CHEMOR,1135
1136,3,1135,31200,1136
1137,2,1105,CHENDERIANG,1137
1138,3,1137,35300,1138
1139,2,1105,CHENDERONG BALAI,1139
1140,3,1139,36600,1140
1141,2,1105,CHIKUS,1141
1142,3,1141,36750,1142
1143,2,1105,ENGGOR,1143
1144,3,1143,33600,1144
1145,2,1105,GERIK,1145
1146,3,1145,33300,1146
1147,3,1145,33310,1147
1148,3,1145,33320,1148
1149,2,1105,GOPENG,1149
1150,3,1149,31600,1150
1151,3,1149,31610,1151
1152,2,1105,HUTAN MELINTANG,1152
1153,3,1152,36400,1153
1154,2,1105,INTAN,1154
1155,3,1154,33200,1155
1156,2,1105,IPOH,1156
1157,3,1156,30000,1157
1158,3,1156,30010,1158
1159,3,1156,30020,1159
1160,3,1156,30100,1160
1161,3,1156,30200,1161
1162,3,1156,30250,1162
1163,3,1156,30300,1163
1164,3,1156,30350,1164
1165,3,1156,30450,1165
1166,3,1156,30500,1166
1167,3,1156,30502,1167
1168,3,1156,30503,1168
1169,3,1156,30504,1169
1170,3,1156,30505,1170
1171,3,1156,30506,1171
1172,3,1156,30508,1172
1173,3,1156,30510,1173
1174,3,1156,30512,1174
1175,3,1156,30516,1175
1176,3,1156,30517,1176
1177,3,1156,30518,1177
1178,3,1156,30519,1178
1179,3,1156,30520,1179
1180,3,1156,30524,1180
1181,3,1156,30532,1181
1182,3,1156,30534,1182
1183,3,1156,30536,1183
1184,3,1156,30540,1184
1185,3,1156,30542,1185
1186,3,1156,30546,1186
1187,3,1156,30548,1187
1188,3,1156,30550,1188
1189,3,1156,30551,1189
1190,3,1156,30552,1190
1191,3,1156,30554,1191
1192,3,1156,30556,1192
1193,3,1156,30560,1193
1194,3,1156,30564,1194
1195,3,1156,30570,1195
1196,3,1156,30576,1196
1197,3,1156,30580,1197
1198,3,1156,30582,1198
1199,3,1156,30586,1199
1200,3,1156,30590,1200
1201,3,1156,30592,1201
1202,3,1156,30594,1202
1203,3,1156,30596,1203
1204,3,1156,30600,1204
1205,3,1156,30604,1205
1206,3,1156,30606,1206
1207,3,1156,30609,1207
1208,3,1156,30610,1208
1209,3,1156,30612,1209
1210,3,1156,30614,1210
1211,3,1156,30620,1211
1212,3,1156,30621,1212
1213,3,1156,30622,1213
1214,3,1156,30626,1214
1215,3,1156,30628,1215
1216,3,1156,30630,1216
1217,3,1156,30632,1217
1218,3,1156,30634,1218
1219,3,1156,30644,1219
1220,3,1156,30646,1220
1221,3,1156,30648,1221
1222,3,1156,30656,1222
1223,3,1156,30658,1223
1224,3,1156,30660,1224
1225,3,1156,30661,1225
1226,3,1156,30662,1226
1227,3,1156,30664,1227
1228,3,1156,30668,1228
1229,3,1156,30670,1229
1230,3,1156,30673,1230
1231,3,1156,30674,1231
1232,3,1156,30676,1232
1233,3,1156,30682,1233
1234,3,1156,30690,1234
1235,3,1156,30700,1235
1236,3,1156,30710,1236
1237,3,1156,30720,1237
1238,3,1156,30730,1238
1239,3,1156,30740,1239
1240,3,1156,30750,1240
1241,3,1156,30760,1241
1242,3,1156,30770,1242
1243,3,1156,30780,1243
1244,3,1156,30790,1244
1245,3,1156,30800,1245
1246,3,1156,30810,1246
1247,3,1156,30820,1247
1248,3,1156,30830,1248
1249,3,1156,30840,1249
1250,3,1156,30900,1250
1251,3,1156,30902,1251
1252,3,1156,30904,1252
1253,3,1156,30906,1253
1254,3,1156,30908,1254
1255,3,1156,30910,1255
1256,3,1156,30912,1256
1257,3,1156,30988,1257
1258,3,1156,30990,1258
1259,3,1156,31350,1259
1260,3,1156,31400,1260
1261,3,1156,31407,1261
1262,3,1156,31409,1262
1263,3,1156,31450,1263
1264,3,1156,31500,1264
1265,3,1156,31650,1265
1266,2,1105,JERAM,1266
1267,3,1266,31850,1267
1268,2,1105,KAMPAR,1268
1269,3,1268,31900,1269
1270,3,1268,31907,1270
1271,3,1268,31909,1271
1272,3,1268,31910,1272
1273,3,1268,31920,1273
1274,3,1268,31950,1274
1275,2,1105,KAMPUNG GAJAH,1275
1276,3,1275,36800,1276
1277,3,1275,36810,1277
1278,2,1105,KAMPUNG KEPAYANG,1278
1279,3,1278,31300,1279
1280,2,1105,KAMUNTING,1280
1281,3,1280,34600,1281
1282,2,1105,KUALA KANGSAR,1282
1283,3,1282,33000,1283
1284,3,1282,33007,1284
1285,3,1282,33009,1285
1286,3,1282,33010,1286
1287,3,1282,33020,1287
1288,3,1282,33030,1288
1289,3,1282,33040,1289
1290,2,1105,KUALA KURAU,1290
1291,3,1290,34350,1291
1292,2,1105,KUALA SEPETANG,1292
1293,3,1292,34650,1293
1294,2,1105,LAMBOR KANAN,1294
1295,3,1294,32900,1295
1296,2,1105,LANGKAP,1296
1297,3,1296,36700,1297
1298,2,1105,LENGGONG,1298
1299,3,1298,33400,1299
1300,3,1298,33410,1300
1301,3,1298,33420,1301
1302,2,1105,LUMUT,1302
1303,3,1302,32200,1303
1304,2,1105,MALIM NAWAR,1304
1305,3,1304,31700,1305
1306,2,1105,MANONG,1306
1307,3,1306,33800,1307
1308,2,1105,MATANG,1308
1309,3,1308,34750,1309
1310,2,1105,PADANG RENGAS,1310
1311,3,1310,33700,1311
1312,2,1105,PANGKOR,1312
1313,3,1312,32300,1313
1314,2,1105,PANTAI REMIS,1314
1315,3,1314,34900,1315
1316,2,1105,PARIT,1316
1317,3,1316,32800,1317
1318,2,1105,PARIT BUNTAR,1318
1319,3,1318,34200,1319
1320,2,1105,PENGKALAN HULU,1320
1321,3,1320,33100,1321
1322,2,1105,PUSING,1322
1323,3,1322,31550,1323
1324,3,1322,31560,1324
1325,2,1105,RANTAU PANJANG,1325
1326,3,1325,34140,1326
1327,2,1105,SAUK,1327
1328,3,1327,33500,1328
1329,2,1105,SELAMA,1329
1330,3,1329,34100,1330
1331,3,1329,34120,1331
1332,3,1329,34130,1332
1333,2,1105,SELEKOH,1333
1334,3,1333,36200,1334
1335,3,1333,36207,1335
1336,3,1333,36209,1336
1337,2,1105,SERI MANJUNG,1337
1338,3,1337,32040,1338
1339,2,1105,SIMPANG,1339
1340,3,1339,34700,1340
1341,2,1105,SIMPANG AMPAT SEMANGGOL,1341
1342,3,1341,34400,1342
1343,2,1105,SITIAWAN,1343
1344,3,1343,32000,1344
1345,2,1105,SLIM RIVER,1345
1346,3,1345,35800,1346
1347,3,1345,35820,1347
1348,2,1105,SUNGAI SIPUT,1348
1349,3,1348,31050,1349
1350,3,1348,31100,1350
1351,2,1105,SUNGAI SUMUN,1351
1352,3,1351,36300,1352
1353,3,1351,36307,1353
1354,3,1351,36309,1354
1355,2,1105,SUNGKAI,1355
1356,3,1355,35600,1356
1357,2,1105,TAIPING,1357
1358,3,1357,34000,1358
1359,3,1357,34007,1359
1360,3,1357,34008,1360
1361,3,1357,34009,1361
1362,3,1357,34010,1362
1363,3,1357,34020,1363
1364,3,1357,34030,1364
1365,2,1105,TANJONG MALIM,1365
1366,3,1365,35900,1366
1367,3,1365,35907,1367
1368,3,1365,35909,1368
1369,3,1365,35910,1369
1370,2,1105,TANJONG PIANDANG,1370
1371,3,1370,34250,1371
1372,2,1105,TANJONG RAMBUTAN,1372
1373,3,1372,31250,1373
1374,2,1105,TANJONG TUALANG,1374
1375,3,1374,31800,1375
1376,2,1105,TAPAH,1376
1377,3,1376,35000,1377
1378,3,1376,35007,1378
1379,3,1376,35009,1379
1380,2,1105,TAPAH ROAD,1380
1381,3,1380,35400,1381
1382,2,1105,TELUK INTAN,1382
1383,3,1382,36000,1383
1384,3,1382,36007,1384
1385,3,1382,36008,1385
1386,3,1382,36009,1386
1387,3,1382,36010,1387
1388,3,1382,36020,1388
1389,3,1382,36030,1389
1390,3,1382,36110,1390
1391,2,1105,TEMOH,1391
1392,3,1391,35350,1392
1393,2,1105,TLDM LUMUT,1393
1394,3,1393,32100,1394
1395,2,1105,TROLAK,1395
1396,3,1395,35700,1396
1397,2,1105,TRONG,1397
1398,3,1397,34800,1398
1399,2,1105,TRONOH,1399
1400,3,1399,31750,1400
1401,2,1105,ULU BERNAM,1401
1402,3,1401,36500,1402
1403,2,1105,ULU KINTA,1403
1404,3,1403,31150,1404
1405,1,,PERLIS,1405
1406,2,1405,ARAU,1406
1407,3,1406,02600,1407
1408,3,1406,02607,1408
1409,3,1406,02609,1409
1410,2,1405,KAKI BUKIT,1410
1411,3,1410,02200,1411
1412,2,1405,KANGAR,1412
1413,3,1412,01000,1413
1414,3,1412,01007,1414
1415,3,1412,01009,1415
1416,3,1412,01500,1416
1417,3,1412,01502,1417
1418,3,1412,01503,1418
1419,3,1412,01504,1419
1420,3,1412,01505,1420
1421,3,1412,01506,1421
1422,3,1412,01508,1422
1423,3,1412,01512,1423
1424,3,1412,01514,1424
1425,3,1412,01516,1425
1426,3,1412,01517,1426
1427,3,1412,01518,1427
1428,3,1412,01524,1428
1429,3,1412,01529,1429
1430,3,1412,01532,1430
1431,3,1412,01538,1431
1432,3,1412,01540,1432
1433,3,1412,01546,1433
1434,3,1412,01550,1434
1435,3,1412,01551,1435
1436,3,1412,01556,1436
1437,3,1412,01560,1437
1438,3,1412,01564,1438
1439,3,1412,01570,1439
1440,3,1412,01572,1440
1441,3,1412,01576,1441
1442,3,1412,01578,1442
1443,3,1412,01582,1443
1444,3,1412,01586,1444
1445,3,1412,01590,1445
1446,3,1412,01592,1446
1447,3,1412,01594,1447
1448,3,1412,01596,1448
1449,3,1412,01598,1449
1450,3,1412,01600,1450
1451,3,1412,01604,1451
1452,3,1412,01606,1452
1453,3,1412,01608,1453
1454,3,1412,01609,1454
1455,3,1412,01610,1455
1456,3,1412,01612,1456
1457,3,1412,01614,1457
1458,3,1412,01620,1458
1459,3,1412,01622,1459
1460,3,1412,01626,1460
1461,3,1412,01628,1461
1462,3,1412,01630,1462
1463,3,1412,01632,1463
1464,3,1412,01634,1464
1465,3,1412,01644,1465
1466,3,1412,01646,1466
1467,3,1412,01648,1467
1468,3,1412,01660,1468
1469,3,1412,01664,1469
1470,3,1412,01670,1470
1471,3,1412,01672,1471
1472,3,1412,01673,1472
1473,3,1412,01674,1473
1474,3,1412,01676,1474
1475,3,1412,01680,1475
1476,3,1412,01694,1476
1477,3,1412,02400,1477
1478,3,1412,02450,1478
1479,3,1412,02500,1479
1480,2,1405,KUALA PERLIS,1480
1481,3,1480,02000,1481
1482,2,1405,PADANG BESAR,1482
1483,3,1482,02100,1483
1484,2,1405,SIMPANG AMPAT,1484
1485,3,1484,02700,1485
1486,3,1484,02707,1486
1487,3,1484,02709,1487
1488,3,1484,02800,1488
1489,1,,PULAU PINANG,1489
1490,2,1489,AYER ITAM,1490
1491,3,1490,11500,1491
1492,2,1489,BALIK PULAU,1492
1493,3,1492,11000,1493
1494,3,1492,11010,1494
1495,3,1492,11020,1495
1496,2,1489,BATU FERRINGHI,1496
1497,3,1496,11100,1497
1498,2,1489,BATU MAUNG,1498
1499,3,1498,11960,1499
1500,2,1489,BAYAN LEPAS,1500
1501,3,1500,11900,1501
1502,3,1500,11910,1502
1503,3,1500,11920,1503
1504,3,1500,11950,1504
1505,2,1489,BUKIT MERTAJAM,1505
1506,3,1505,14000,1506
1507,3,1505,14007,1507
1508,3,1505,14009,1508
1509,3,1505,14020,1509
1510,2,1489,BUTTERWORTH,1510
1511,3,1510,12000,1511
1512,3,1510,12100,1512
1513,3,1510,12200,1513
1514,3,1510,12300,1514
1515,3,1510,12700,1515
1516,3,1510,12710,1516
1517,3,1510,12720,1517
1518,3,1510,12990,1518
1519,3,1510,13000,1519
1520,3,1510,13009,1520
1521,3,1510,13020,1521
1522,3,1510,13050,1522
1523,3,1510,13400,1523
1524,3,1510,13409,1524
1525,3,1510,13800,1525
1526,2,1489,GELUGOR,1526
1527,3,1526,11700,1527
1528,2,1489,JELUTONG,1528
1529,3,1528,11600,1529
1530,3,1528,11609,1530
1531,2,1489,KEPALA BATAS,1531
1532,3,1531,13200,1532
1533,3,1531,13210,1533
1534,3,1531,13220,1534
1535,2,1489,KUBANG SEMANG,1535
1536,3,1535,14400,1536
1537,2,1489,NIBONG TEBAL,1537
1538,3,1537,14300,1538
1539,3,1537,14310,1539
1540,3,1537,14320,1540
1541,2,1489,PENAGA,1541
1542,3,1541,13100,1542
1543,3,1541,13110,1543
1544,2,1489,PENANG HILL,1544
1545,3,1544,11300,1545
1546,2,1489,PERAI,1546
1547,3,1546,13600,1547
1548,3,1546,13700,1548
1549,2,1489,PERMATANG PAUH,1549
1550,3,1549,13500,1550
1551,2,1489,PULAU PINANG,1551
1552,3,1551,10000,1552
1553,3,1551,10050,1553
1554,3,1551,10100,1554
1555,3,1551,10150,1555
1556,3,1551,10200,1556
1557,3,1551,10250,1557
1558,3,1551,10300,1558
1559,3,1551,10350,1559
1560,3,1551,10400,1560
1561,3,1551,10450,1561
1562,3,1551,10460,1562
1563,3,1551,10470,1563
1564,3,1551,10500,1564
1565,3,1551,10502,1565
1566,3,1551,10503,1566
1567,3,1551,10504,1567
1568,3,1551,10505,1568
1569,3,1551,10506,1569
1570,3,1551,10508,1570
1571,3,1551,10512,1571
1572,3,1551,10514,1572
1573,3,1551,10516,1573
1574,3,1551,10518,1574
1575,3,1551,10524,1575
1576,3,1551,10534,1576
1577,3,1551,10538,1577
1578,3,1551,10540,1578
1579,3,1551,10542,1579
1580,3,1551,10546,1580
1581,3,1551,10550,1581
1582,3,1551,10551,1582
1583,3,1551,10552,1583
1584,3,1551,10558,1584
1585,3,1551,10560,1585
1586,3,1551,10564,1586
1587,3,1551,10566,1587
1588,3,1551,10570,1588
1589,3,1551,10576,1589
1590,3,1551,10578,1590
1591,3,1551,10582,1591
1592,3,1551,10590,1592
1593,3,1551,10592,1593
1594,3,1551,10593,1594
1595,3,1551,10594,1595
1596,3,1551,10596,1596
1597,3,1551,10600,1597
1598,3,1551,10604,1598
1599,3,1551,10609,1599
1600,3,1551,10610,1600
1601,3,1551,10612,1601
1602,3,1551,10620,1602
1603,3,1551,10622,1603
1604,3,1551,10626,1604
1605,3,1551,10628,1605
1606,3,1551,10634,1606
1607,3,1551,10646,1607
1608,3,1551,10648,1608
1609,3,1551,10660,1609
1610,3,1551,10661,1610
1611,3,1551,10662,1611
1612,3,1551,10670,1612
1613,3,1551,10672,1613
1614,3,1551,10673,1614
1615,3,1551,10674,1615
1616,3,1551,10676,1616
1617,3,1551,10690,1617
1618,3,1551,10710,1618
1619,3,1551,10720,1619
1620,3,1551,10730,1620
1621,3,1551,10740,1621
1622,3,1551,10750,1622
1623,3,1551,10760,1623
1624,3,1551,10770,1624
1625,3,1551,10780,1625
1626,3,1551,10790,1626
1627,3,1551,10800,1627
1628,3,1551,10810,1628
1629,3,1551,10820,1629
1630,3,1551,10830,1630
1631,3,1551,10840,1631
1632,3,1551,10850,1632
1633,3,1551,10910,1633
1634,3,1551,10920,1634
1635,3,1551,10990,1635
1636,3,1551,11050,1636
1637,3,1551,11060,1637
1638,3,1551,11400,1638
1639,3,1551,11409,1639
1640,2,1489,SIMPANG AMPAT,1640
1641,3,1640,14100,1641
1642,3,1640,14101,1642
1643,3,1640,14110,1643
1644,3,1640,14120,1644
1645,2,1489,SUNGAI JAWI,1645
1646,3,1645,14200,1646
1647,2,1489,TANJUNG BUNGAH,1647
1648,3,1647,11200,1648
1649,2,1489,TASEK GELUGOR,1649
1650,3,1649,13300,1650
1651,3,1649,13310,1651
1652,2,1489,USM PULAU PINANG,1652
1653,3,1652,11800,1653
1654,1,,SABAH,1654
1655,2,1654,BEAUFORT,1655
1656,3,1655,89800,1656
1657,3,1655,89807,1657
1658,3,1655,89808,1658
1659,3,1655,89809,1659
1660,2,1654,BELURAN,1660
1661,3,1660,90100,1661
1662,3,1660,90107,1662
1663,3,1660,90109,1663
1664,2,1654,BEVERLY,1664
1665,3,1664,88700,1665
1666,3,1664,89260,1666
1667,2,1654,BONGAWAN,1667
1668,3,1667,89700,1668
1669,3,1667,89707,1669
1670,3,1667,89708,1670
1671,3,1667,89709,1671
1672,2,1654,INANAM,1672
1673,3,1672,88857,1673
1674,2,1654,KENINGAU,1674
1675,3,1674,89000,1675
1676,3,1674,89007,1676
1677,3,1674,89008,1677
1678,3,1674,89009,1678
1679,2,1654,KOTA BELUD,1679
1680,3,1679,89150,1680
1681,3,1679,89157,1681
1682,3,1679,89158,1682
1683,3,1679,89159,1683
1684,2,1654,KOTA KINABALU,1684
1685,3,1684,88000,1685
1686,3,1684,88100,1686
1687,3,1684,88200,1687
1688,3,1684,88300,1688
1689,3,1684,88400,1689
1690,3,1684,88450,1690
1691,3,1684,88460,1691
1692,3,1684,88500,1692
1693,3,1684,88502,1693
1694,3,1684,88504,1694
1695,3,1684,88505,1695
1696,3,1684,88506,1696
1697,3,1684,88508,1697
1698,3,1684,88510,1698
1699,3,1684,88512,1699
1700,3,1684,88514,1700
1701,3,1684,88516,1701
1702,3,1684,88518,1702
1703,3,1684,88520,1703
1704,3,1684,88526,1704
1705,3,1684,88527,1705
1706,3,1684,88532,1706
1707,3,1684,88534,1707
1708,3,1684,88538,1708
1709,3,1684,88540,1709
1710,3,1684,88546,1710
1711,3,1684,88550,1711
1712,3,1684,88551,1712
1713,3,1684,88552,1713
1714,3,1684,88554,1714
1715,3,1684,88556,1715
1716,3,1684,88558,1716
1717,3,1684,88560,1717
1718,3,1684,88562,1718
1719,3,1684,88564,1719
1720,3,1684,88566,1720
1721,3,1684,88568,1721
1722,3,1684,88570,1722
1723,3,1684,88572,1723
1724,3,1684,88576,1724
1725,3,1684,88580,1725
1726,3,1684,88582,1726
1727,3,1684,88586,1727
1728,3,1684,88590,1728
1729,3,1684,88592,1729
1730,3,1684,88594,1730
1731,3,1684,88596,1731
1732,3,1684,88598,1732
1733,3,1684,88600,1733
1734,3,1684,88602,1734
1735,3,1684,88604,1735
1736,3,1684,88606,1736
1737,3,1684,88608,1737
1738,3,1684,88609,1738
1739,3,1684,88610,1739
1740,3,1684,88612,1740
1741,3,1684,88614,1741
1742,3,1684,88617,1742
1743,3,1684,88618,1743
1744,3,1684,88620,1744
1745,3,1684,88621,1745
1746,3,1684,88622,1746
1747,3,1684,88624,1747
1748,3,1684,88626,1748
1749,3,1684,88628,1749
1750,3,1684,88630,1750
1751,3,1684,88632,1751
1752,3,1684,88634,1752
1753,3,1684,88644,1753
1754,3,1684,88646,1754
1755,3,1684,88648,1755
1756,3,1684,88656,1756
1757,3,1684,88658,1757
1758,3,1684,88660,1758
1759,3,1684,88661,1759
1760,3,1684,88662,1760
1761,3,1684,88670,1761
1762,3,1684,88672,1762
1763,3,1684,88673,1763
1764,3,1684,88675,1764
1765,3,1684,88676,1765
1766,3,1684,88680,1766
1767,3,1684,88690,1767
1768,3,1684,88757,1768
1769,3,1684,88758,1769
1770,3,1684,88759,1770
1771,3,1684,88760,1771
1772,3,1684,88761,1772
1773,3,1684,88762,1773
1774,3,1684,88763,1774
1775,3,1684,88764,1775
1776,3,1684,88765,1776
1777,3,1684,88766,1777
1778,3,1684,88767,1778
1779,3,1684,88768,1779
1780,3,1684,88769,1780
1781,3,1684,88770,1781
1782,3,1684,88771,1782
1783,3,1684,88772,1783
1784,3,1684,88773,1784
1785,3,1684,88774,1785
1786,3,1684,88775,1786
1787,3,1684,88776,1787
1788,3,1684,88777,1788
1789,3,1684,88778,1789
1790,3,1684,88779,1790
1791,3,1684,88780,1791
1792,3,1684,88781,1792
1793,3,1684,88782,1793
1794,3,1684,88783,1794
1795,3,1684,88784,1795
1796,3,1684,88785,1796
1797,3,1684,88786,1797
1798,3,1684,88787,1798
1799,3,1684,88788,1799
1800,3,1684,88789,1800
1801,3,1684,88790,1801
1802,3,1684,88800,1802
1803,3,1684,88801,1803
1804,3,1684,88802,1804
1805,3,1684,88803,1805
1806,3,1684,88804,1806
1807,3,1684,88805,1807
1808,3,1684,88806,1808
1809,3,1684,88807,1809
1810,3,1684,88808,1810
1811,3,1684,88809,1811
1812,3,1684,88810,1812
1813,3,1684,88811,1813
1814,3,1684,88812,1814
1815,3,1684,88813,1815
1816,3,1684,88814,1816
1817,3,1684,88815,1817
1818,3,1684,88816,1818
1819,3,1684,88817,1819
1820,3,1684,88818,1820
1821,3,1684,88819,1821
1822,3,1684,88820,1822
1823,3,1684,88821,1823
1824,3,1684,88822,1824
1825,3,1684,88823,1825
1826,3,1684,88824,1826
1827,3,1684,88825,1827
1828,3,1684,88826,1828
1829,3,1684,88827,1829
1830,3,1684,88828,1830
1831,3,1684,88829,1831
1832,3,1684,88830,1832
1833,3,1684,88831,1833
1834,3,1684,88832,1834
1835,3,1684,88833,1835
1836,3,1684,88834,1836
1837,3,1684,88835,1837
1838,3,1684,88836,1838
1839,3,1684,88837,1839
1840,3,1684,88838,1840
1841,3,1684,88839,1841
1842,3,1684,88840,1842
1843,3,1684,88841,1843
1844,3,1684,88842,1844
1845,3,1684,88843,1845
1846,3,1684,88844,1846
1847,3,1684,88845,1847
1848,3,1684,88846,1848
1849,3,1684,88847,1849
1850,3,1684,88848,1850
1851,3,1684,88849,1851
1852,3,1684,88850,1852
1853,3,1684,88851,1853
1854,3,1684,88852,1854
1855,3,1684,88853,1855
1856,3,1684,88854,1856
1857,3,1684,88855,1857
1858,3,1684,88860,1858
1859,3,1684,88861,1859
1860,3,1684,88862,1860
1861,3,1684,88863,1861
1862,3,1684,88865,1862
1863,3,1684,88866,1863
1864,3,1684,88867,1864
1865,3,1684,88868,1865
1866,3,1684,88869,1866
1867,3,1684,88870,1867
1868,3,1684,88871,1868
1869,3,1684,88872,1869
1870,3,1684,88873,1870
1871,3,1684,88874,1871
1872,3,1684,88875,1872
1873,3,1684,88900,1873
1874,3,1684,88901,1874
1875,3,1684,88902,1875
1876,3,1684,88903,1876
1877,3,1684,88904,1877
1878,3,1684,88905,1878
1879,3,1684,88906,1879
1880,3,1684,88988,1880
1881,3,1684,88990,1881
1882,3,1684,88991,1882
1883,3,1684,88992,1883
1884,3,1684,88993,1884
1885,3,1684,88994,1885
1886,3,1684,88995,1886
1887,3,1684,88996,1887
1888,3,1684,88997,1888
1889,3,1684,88998,1889
1890,3,1684,88999,1890
1891,2,1654,KOTA KINABATANGAN,1891
1892,3,1891,90200,1892
1893,2,1654,KOTA MARUDU,1893
1894,3,1893,89100,1894
1895,3,1893,89107,1895
1896,3,1893,89108,1896
1897,3,1893,89109,1897
1898,3,1893,89130,1898
1899,3,1893,89137,1899
1900,3,1893,89138,1900
1901,3,1893,89139,1901
1902,2,1654,KUALA PENYU,1902
1903,3,1902,89740,1903
1904,3,1902,89747,1904
1905,3,1902,89748,1905
1906,3,1902,89749,1906
1907,2,1654,KUDAT,1907
1908,3,1907,89050,1908
1909,3,1907,89057,1909
1910,3,1907,89058,1910
1911,3,1907,89059,1911
1912,2,1654,KUNAK,1912
1913,3,1912,91200,1913
1914,3,1912,91207,1914
1915,3,1912,91209,1915
1916,2,1654,LAHAD DATU,1916
1917,3,1916,91100,1917
1918,3,1916,91109,1918
1919,3,1916,91110,1919
1920,3,1916,91111,1920
1921,3,1916,91112,1921
1922,3,1916,91113,1922
1923,3,1916,91114,1923
1924,3,1916,91115,1924
1925,3,1916,91116,1925
1926,3,1916,91117,1926
1927,3,1916,91118,1927
1928,3,1916,91119,1928
1929,3,1916,91120,1929
1930,3,1916,91121,1930
1931,3,1916,91122,1931
1932,3,1916,91123,1932
1933,3,1916,91124,1933
1934,3,1916,91125,1934
1935,3,1916,91126,1935
1936,3,1916,91127,1936
1937,3,1916,91128,1937
1938,3,1916,91150,1938
1939,2,1654,LIKAS,1939
1940,3,1939,88856,1940
1941,2,1654,MEMBAKUT,1941
1942,3,1941,89720,1942
1943,3,1941,89727,1943
1944,3,1941,89728,1944
1945,3,1941,89729,1945
1946,2,1654,MENUMBOK,1946
1947,3,1946,89760,1947
1948,3,1946,89767,1948
1949,3,1946,89768,1949
1950,3,1946,89769,1950
1951,2,1654,NABAWAN,1951
1952,3,1951,89950,1952
1953,3,1951,89957,1953
1954,3,1951,89958,1954
1955,3,1951,89959,1955
1956,2,1654,PAMOL,1956
1957,3,1956,90400,1957
1958,2,1654,PAPAR,1958
1959,3,1958,89600,1959
1960,3,1958,89607,1960
1961,3,1958,89608,1961
1962,3,1958,89609,1962
1963,2,1654,PENAMPANG,1963
1964,3,1963,89500,1964
1965,3,1963,89507,1965
1966,3,1963,89508,1966
1967,3,1963,89509,1967
1968,2,1654,PUTATAN,1968
1969,3,1968,88721,1969
1970,3,1968,88722,1970
1971,3,1968,88723,1971
1972,3,1968,88724,1972
1973,3,1968,88725,1973
1974,2,1654,RANAU,1974
1975,3,1974,89300,1975
1976,3,1974,89307,1976
1977,3,1974,89308,1977
1978,3,1974,89309,1978
1979,3,1974,89320,1979
1980,3,1974,89327,1980
1981,3,1974,89328,1981
1982,3,1974,89329,1982
1983,3,1974,89330,1983
1984,3,1974,89337,1984
1985,3,1974,89338,1985
1986,3,1974,89339,1986
1987,2,1654,SANDAKAN,1987
1988,3,1987,90000,1988
1989,3,1987,90009,1989
1990,3,1987,90300,1990
1991,3,1987,90307,1991
1992,3,1987,90700,1992
1993,3,1987,90701,1993
1994,3,1987,90702,1994
1995,3,1987,90703,1995
1996,3,1987,90704,1996
1997,3,1987,90705,1997
1998,3,1987,90706,1998
1999,3,1987,90707,1999
2000,3,1987,90708,2000
2001,3,1987,90709,2001
2002,3,1987,90711,2002
2003,3,1987,90712,2003
2004,3,1987,90713,2004
2005,3,1987,90714,2005
2006,3,1987,90715,2006
2007,3,1987,90716,2007
2008,3,1987,90717,2008
2009,3,1987,90718,2009
2010,3,1987,90719,2010
2011,3,1987,90720,2011
2012,3,1987,90721,2012
2013,3,1987,90722,2013
2014,3,1987,90723,2014
2015,3,1987,90724,2015
2016,3,1987,90725,2016
2017,3,1987,90726,2017
2018,3,1987,90727,2018
2019,3,1987,90728,2019
2020,3,1987,90729,2020
2021,3,1987,90730,2021
2022,3,1987,90731,2022
2023,3,1987,90732,2023
2024,3,1987,90733,2024
2025,3,1987,90734,2025
2026,3,1987,90735,2026
2027,3,1987,90736,2027
2028,3,1987,90737,2028
2029,3,1987,90738,2029
2030,3,1987,90739,2030
2031,3,1987,90740,2031
2032,3,1987,90741,2032
2033,2,1654,SEMPORNA,2033
2034,3,2033,91300,2034
2035,3,2033,91307,2035
2036,3,2033,91308,2036
2037,3,2033,91309,2037
2038,2,1654,SIPITANG,2038
2039,3,2038,89850,2039
2040,3,2038,89857,2040
2041,3,2038,89858,2041
2042,3,2038,89859,2042
2043,2,1654,TAMBUNAN,2043
2044,3,2043,89650,2044
2045,3,2043,89657,2045
2046,3,2043,89658,2046
2047,3,2043,89659,2047
2048,2,1654,TAMPARULI,2048
2049,3,2048,89250,2049
2050,3,2048,89257,2050
2051,3,2048,89258,2051
2052,3,2048,89259,2052
2053,2,1654,TANJUNG ARU,2053
2054,3,2053,88858,2054
2055,2,1654,TAWAU,2055
2056,3,2055,91000,2056
2057,3,2055,91007,2057
2058,3,2055,91008,2058
2059,3,2055,91009,2059
2060,3,2055,91010,2060
2061,3,2055,91011,2061
2062,3,2055,91012,2062
2063,3,2055,91013,2063
2064,3,2055,91014,2064
2065,3,2055,91015,2065
2066,3,2055,91016,2066
2067,3,2055,91017,2067
2068,3,2055,91018,2068
2069,3,2055,91019,2069
2070,3,2055,91020,2070
2071,3,2055,91021,2071
2072,3,2055,91022,2072
2073,3,2055,91023,2073
2074,3,2055,91024,2074
2075,3,2055,91025,2075
2076,3,2055,91026,2076
2077,3,2055,91027,2077
2078,3,2055,91028,2078
2079,3,2055,91029,2079
2080,3,2055,91030,2080
2081,3,2055,91031,2081
2082,3,2055,91032,2082
2083,3,2055,91033,2083
2084,3,2055,91034,2084
2085,3,2055,91035,2085
2086,2,1654,TENGHILAN,2086
2087,3,2086,89260,2087
2088,2,1654,TENOM,2088
2089,3,2088,89900,2089
2090,3,2088,89907,2090
2091,3,2088,89908,2091
2092,3,2088,89909,2092
2093,2,1654,TUARAN,2093
2094,3,2093,89200,2094
2095,3,2093,89207,2095
2096,3,2093,89208,2096
2097,3,2093,89209,2097
2098,1,,SARAWAK,2098
2099,2,2098,ASAJAYA,2099
2100,3,2099,94600,2100
2101,2,2098,BALINGIAN,2101
2102,3,2101,96350,2102
2103,2,2098,BARAM,2103
2104,3,2103,98050,2104
2105,3,2103,98057,2105
2106,3,2103,98058,2106
2107,3,2103,98059,2107
2108,2,2098,BAU,2108
2109,3,2108,94000,2109
2110,3,2108,94007,2110
2111,3,2108,94009,2111
2112,2,2098,BEKENU,2112
2113,3,2112,98150,2113
2114,3,2112,98157,2114
2115,3,2112,98159,2115
2116,2,2098,BELAGA,2116
2117,3,2116,96900,2117
2118,3,2116,96950,2118
2119,2,2098,BELAWAI,2119
2120,3,2119,96150,2120
2121,2,2098,BETONG,2121
2122,3,2121,95700,2122
2123,3,2121,95707,2123
2124,3,2121,95709,2124
2125,2,2098,BINTANGOR,2125
2126,3,2125,96500,2126
2127,3,2125,96507,2127
2128,3,2125,96508,2128
2129,3,2125,96509,2129
2130,2,2098,BINTULU,2130
2131,3,2130,97000,2131
2132,3,2130,97007,2132
2133,3,2130,97008,2133
2134,3,2130,97009,2134
2135,3,2130,97010,2135
2136,3,2130,97011,2136
2137,3,2130,97012,2137
2138,3,2130,97013,2138
2139,3,2130,97014,2139
2140,3,2130,97015,2140
2141,3,2130,97300,2141
2142,2,2098,DALAT,2142
2143,3,2142,96300,2143
2144,3,2142,96307,2144
2145,3,2142,96309,2145
2146,2,2098,DARO,2146
2147,3,2146,96200,2147
2148,2,2098,DEBAK,2148
2149,3,2148,95500,2149
2150,2,2098,ENGKILILI,2150
2151,3,2150,95800,2151
2152,2,2098,JULAU,2152
2153,3,2152,96600,2153
2154,2,2098,KABONG,2154
2155,3,2154,94650,2155
2156,2,2098,KANOWIT,2156
2157,3,2156,96700,2157
2158,3,2156,96707,2158
2159,3,2156,96709,2159
2160,2,2098,KAPIT,2160
2161,3,2160,96800,2161
2162,3,2160,96807,2162
2163,3,2160,96809,2163
2164,2,2098,KOTA SAMARAHAN,2164
2165,3,2164,94300,2165
2166,2,2098,KUCHING,2166
2167,3,2166,93000,2167
2168,3,2166,93010,2168
2169,3,2166,93050,2169
2170,3,2166,93100,2170
2171,3,2166,93150,2171
2172,3,2166,93200,2172
2173,3,2166,93250,2173
2174,3,2166,93300,2174
2175,3,2166,93350,2175
2176,3,2166,93400,2176
2177,3,2166,93450,2177
2178,3,2166,93500,2178
2179,3,2166,93502,2179
2180,3,2166,93503,2180
2181,3,2166,93504,2181
2182,3,2166,93505,2182
2183,3,2166,93506,2183
2184,3,2166,93507,2184
2185,3,2166,93508,2185
2186,3,2166,93514,2186
2187,3,2166,93516,2187
2188,3,2166,93517,2188
2189,3,2166,93518,2189
2190,3,2166,93519,2190
2191,3,2166,93520,2191
2192,3,2166,93527,2192
2193,3,2166,93529,2193
2194,3,2166,93532,2194
2195,3,2166,93540,2195
2196,3,2166,93550,2196
2197,3,2166,93551,2197
2198,3,2166,93552,2198
2199,3,2166,93554,2199
2200,3,2166,93556,2200
2201,3,2166,93558,2201
2202,3,2166,93560,2202
2203,3,2166,93564,2203
2204,3,2166,93566,2204
2205,3,2166,93570,2205
2206,3,2166,93572,2206
2207,3,2166,93576,2207
2208,3,2166,93578,2208
2209,3,2166,93582,2209
2210,3,2166,93586,2210
2211,3,2166,93590,2211
2212,3,2166,93592,2212
2213,3,2166,93594,2213
2214,3,2166,93596,2214
2215,3,2166,93600,2215
2216,3,2166,93604,2216
2217,3,2166,93606,2217
2218,3,2166,93608,2218
2219,3,2166,93609,2219
2220,3,2166,93610,2220
2221,3,2166,93612,2221
2222,3,2166,93614,2222
2223,3,2166,93618,2223
2224,3,2166,93619,2224
2225,3,2166,93620,2225
2226,3,2166,93626,2226
2227,3,2166,93628,2227
2228,3,2166,93632,2228
2229,3,2166,93634,2229
2230,3,2166,93648,2230
2231,3,2166,93658,2231
2232,3,2166,93660,2232
2233,3,2166,93661,2233
2234,3,2166,93662,2234
2235,3,2166,93670,2235
2236,3,2166,93672,2236
2237,3,2166,93677,2237
2238,3,2166,93690,2238
2239,3,2166,93694,2239
2240,3,2166,93700,2240
2241,3,2166,93702,2241
2242,3,2166,93704,2242
2243,3,2166,93706,2243
2244,3,2166,93708,2244
2245,3,2166,93710,2245
2246,3,2166,93712,2246
2247,3,2166,93714,2247
2248,3,2166,93716,2248
2249,3,2166,93718,2249
2250,3,2166,93720,2250
2251,3,2166,93722,2251
2252,3,2166,93724,2252
2253,3,2166,93726,2253
2254,3,2166,93728,2254
2255,3,2166,93730,2255
2256,3,2166,93732,2256
2257,3,2166,93734,2257
2258,3,2166,93736,2258
2259,3,2166,93738,2259
2260,3,2166,93740,2260
2261,3,2166,93742,2261
2262,3,2166,93744,2262
2263,3,2166,93746,2263
2264,3,2166,93748,2264
2265,3,2166,93750,2265
2266,3,2166,93752,2266
2267,3,2166,93754,2267
2268,3,2166,93756,2268
2269,3,2166,93758,2269
2270,3,2166,93760,2270
2271,3,2166,93762,2271
2272,3,2166,93764,2272
2273,3,2166,93900,2273
2274,3,2166,93902,2274
2275,3,2166,93904,2275
2276,3,2166,93906,2276
2277,3,2166,93908,2277
2278,3,2166,93910,2278
2279,3,2166,93912,2279
2280,3,2166,93914,2280
2281,3,2166,93916,2281
2282,3,2166,93990,2282
2283,2,2098,LAWAS,2283
2284,3,2283,98850,2284
2285,3,2283,98857,2285
2286,3,2283,98859,2286
2287,2,2098,LIMBANG,2287
2288,3,2287,98700,2288
2289,3,2287,98707,2289
2290,3,2287,98708,2290
2291,3,2287,98709,2291
2292,2,2098,LINGGA,2292
2293,3,2292,94900,2293
2294,2,2098,LONG LAMA,2294
2295,3,2294,98300,2295
2296,2,2098,LUBOK ANTU,2296
2297,3,2296,95900,2297
2298,2,2098,LUNDU,2298
2299,3,2298,94500,2299
2300,3,2298,94507,2300
2301,3,2298,94509,2301
2302,2,2098,LUTONG,2302
2303,3,2302,98100,2303
2304,3,2302,98107,2304
2305,3,2302,98109,2305
2306,2,2098,MATU,2306
2307,3,2306,96250,2307
2308,2,2098,MIRI,2308
2309,3,2308,98000,2309
2310,3,2308,98007,2310
2311,3,2308,98008,2311
2312,3,2308,98009,2312
2313,2,2098,MUKAH,2313
2314,3,2313,96400,2314
2315,3,2313,96410,2315
2316,2,2098,NANGA MEDAMIT,2316
2317,3,2316,98750,2317
2318,2,2098,NIAH,2318
2319,3,2318,98200,2319
2320,2,2098,PUSA,2320
2321,3,2320,94950,2321
2322,2,2098,ROBAN,2322
2323,3,2322,95300,2323
2324,2,2098,SARATOK,2324
2325,3,2324,95400,2325
2326,3,2324,95407,2326
2327,3,2324,95409,2327
2328,2,2098,SARIKEI,2328
2329,3,2328,96100,2329
2330,3,2328,96107,2330
2331,3,2328,96108,2331
2332,3,2328,96109,2332
2333,2,2098,SEBAUH,2333
2334,3,2333,97100,2334
2335,2,2098,SEBUYAU,2335
2336,3,2335,94850,2336
2337,2,2098,SERIAN,2337
2338,3,2337,94700,2338
2339,3,2337,94707,2339
2340,3,2337,94709,2340
2341,3,2337,94750,2341
2342,3,2337,94760,2342
2343,2,2098,SIBU,2343
2344,3,2343,96000,2344
2345,3,2343,96007,2345
2346,3,2343,96008,2346
2347,3,2343,96009,2347
2348,2,2098,SIBURAN,2348
2349,3,2348,94200,2349
2350,2,2098,SIMUNJAN,2350
2351,3,2350,94800,2351
2352,3,2350,94807,2352
2353,3,2350,94809,2353
2354,2,2098,SONG,2354
2355,3,2354,96850,2355
2356,2,2098,SPAOH,2356
2357,3,2356,95600,2357
2358,2,2098,SRI AMAN,2358
2359,3,2358,95000,2359
2360,3,2358,95007,2360
2361,3,2358,95008,2361
2362,3,2358,95009,2362
2363,2,2098,SUNDAR,2363
2364,3,2363,98800,2364
2365,2,2098,TATAU,2365
2366,3,2365,97200,2366
2367,1,,SELANGOR,2367
2368,2,2367,AMPANG,2368
2369,3,2368,68000,2369
2370,2,2367,BANDAR BARU BANGI,2370
2371,3,2370,43600,2371
2372,3,2370,43650,2372
2373,2,2367,BANDAR PUNCAK ALAM,2373
2374,3,2373,42300,2374
2375,2,2367,BANTING,2375
2376,3,2375,42700,2376
2377,2,2367,BATANG KALI,2377
2378,3,2377,44300,2378
2379,2,2367,BATU ARANG,2379
2380,3,2379,48100,2380
2381,2,2367,BATU CAVES,2381
2382,3,2381,68100,2382
2383,2,2367,BERANANG,2383
2384,3,2383,43700,2384
2385,2,2367,BESTARI JAYA,2385
2386,3,2385,45600,2386
2387,3,2385,45607,2387
2388,3,2385,45609,2388
2389,3,2385,45620,2389
2390,2,2367,BUKIT ROTAN,2390
2391,3,2390,45700,2391
2392,2,2367,CHERAS,2392
2393,3,2392,43200,2393
2394,3,2392,43207,2394
2395,2,2367,CYBERJAYA,2395
2396,3,2395,63000,2396
2397,3,2395,63100,2397
2398,3,2395,63200,2398
2399,3,2395,63300,2399
2400,2,2367,DENGKIL,2400
2401,3,2400,43800,2401
2402,3,2400,43807,2402
2403,2,2367,HULU LANGAT,2403
2404,3,2403,43100,2404
2405,2,2367,JENJAROM,2405
2406,3,2405,42600,2406
2407,3,2405,42610,2407
2408,2,2367,JERAM,2408
2409,3,2408,45800,2409
2410,2,2367,KAJANG,2410
2411,3,2410,43000,2411
2412,3,2410,43007,2412
2413,3,2410,43009,2413
2414,3,2410,43558,2414
2415,2,2367,KAPAR,2415
2416,3,2415,42200,2416
2417,2,2367,KERLING,2417
2418,3,2417,44100,2418
2419,2,2367,KLANG,2419
2420,3,2419,41000,2420
2421,3,2419,41050,2421
2422,3,2419,41100,2422
2423,3,2419,41150,2423
2424,3,2419,41200,2424
2425,3,2419,41250,2425
2426,3,2419,41300,2426
2427,3,2419,41400,2427
2428,3,2419,41506,2428
2429,3,2419,41560,2429
2430,3,2419,41586,2430
2431,3,2419,41672,2431
2432,3,2419,41700,2432
2433,3,2419,41710,2433
2434,3,2419,41720,2434
2435,3,2419,41900,2435
2436,3,2419,41902,2436
2437,3,2419,41904,2437
2438,3,2419,41906,2438
2439,3,2419,41908,2439
2440,3,2419,41910,2440
2441,3,2419,41912,2441
2442,3,2419,41914,2442
2443,3,2419,41916,2443
2444,3,2419,41918,2444
2445,3,2419,41990,2445
2446,3,2419,42100,2446
2447,2,2367,KLIA,2447
2448,3,2447,64000,2448
2449,2,2367,KUALA KUBU BARU,2449
2450,3,2449,44000,2450
2451,3,2449,44010,2451
2452,3,2449,44020,2452
2453,3,2449,44110,2453
2454,2,2367,KUALA SELANGOR,2454
2455,3,2454,45000,2455
2456,2,2367,KUANG,2456
2457,3,2456,48050,2457
2458,2,2367,PELABUHAN KLANG,2458
2459,3,2458,42000,2459
2460,3,2458,42009,2460
2461,2,2367,PETALING JAYA,2461
2462,3,2461,46000,2462
2463,3,2461,46050,2463
2464,3,2461,46100,2464
2465,3,2461,46150,2465
2466,3,2461,46200,2466
2467,3,2461,46300,2467
2468,3,2461,46350,2468
2469,3,2461,46400,2469
2470,3,2461,46506,2470
2471,3,2461,46547,2471
2472,3,2461,46549,2472
2473,3,2461,46551,2473
2474,3,2461,46564,2474
2475,3,2461,46582,2475
2476,3,2461,46598,2476
2477,3,2461,46662,2477
2478,3,2461,46667,2478
2479,3,2461,46668,2479
2480,3,2461,46672,2480
2481,3,2461,46675,2481
2482,3,2461,46700,2482
2483,3,2461,46710,2483
2484,3,2461,46720,2484
2485,3,2461,46730,2485
2486,3,2461,46740,2486
2487,3,2461,46750,2487
2488,3,2461,46760,2488
2489,3,2461,46770,2489
2490,3,2461,46780,2490
2491,3,2461,46781,2491
2492,3,2461,46782,2492
2493,3,2461,46783,2493
2494,3,2461,46784,2494
2495,3,2461,46785,2495
2496,3,2461,46786,2496
2497,3,2461,46787,2497
2498,3,2461,46788,2498
2499,3,2461,46789,2499
2500,3,2461,46790,2500
2501,3,2461,46791,2501
2502,3,2461,46792,2502
2503,3,2461,46793,2503
2504,3,2461,46794,2504
2505,3,2461,46795,2505
2506,3,2461,46796,2506
2507,3,2461,46797,2507
2508,3,2461,46798,2508
2509,3,2461,46799,2509
2510,3,2461,46800,2510
2511,3,2461,46801,2511
2512,3,2461,46802,2512
2513,3,2461,46803,2513
2514,3,2461,46804,2514
2515,3,2461,46805,2515
2516,3,2461,46806,2516
2517,3,2461,46860,2517
2518,3,2461,46870,2518
2519,3,2461,46960,2519
2520,3,2461,46962,2520
2521,3,2461,46964,2521
2522,3,2461,46966,2522
2523,3,2461,46968,2523
2524,3,2461,46970,2524
2525,3,2461,46972,2525
2526,3,2461,46974,2526
2527,3,2461,46976,2527
2528,3,2461,46978,2528
2529,3,2461,47300,2529
2530,3,2461,47301,2530
2531,3,2461,47307,2531
2532,3,2461,47308,2532
2533,3,2461,47400,2533
2534,3,2461,47410,2534
2535,3,2461,47800,2535
2536,3,2461,47810,2536
2537,3,2461,47820,2537
2538,3,2461,47830,2538
2539,2,2367,PUCHONG,2539
2540,3,2539,47100,2540
2541,3,2539,47110,2541
2542,3,2539,47120,2542
2543,3,2539,47130,2543
2544,3,2539,47140,2544
2545,3,2539,47150,2545
2546,3,2539,47160,2546
2547,3,2539,47170,2547
2548,3,2539,47180,2548
2549,3,2539,47190,2549
2550,2,2367,PULAU CAREY,2550
2551,3,2550,42960,2551
2552,2,2367,PULAU INDAH,2552
2553,3,2552,42920,2553
2554,2,2367,PULAU KETAM,2554
2555,3,2554,42940,2555
2556,2,2367,RASA,2556
2557,3,2556,44200,2557
2558,2,2367,RAWANG,2558
2559,3,2558,48000,2559
2560,3,2558,48010,2560
2561,3,2558,48020,2561
2562,3,2558,48050,2562
2563,3,2558,48300,2563
2564,2,2367,SABAK BERNAM,2564
2565,3,2564,45200,2565
2566,3,2564,45207,2566
2567,3,2564,45209,2567
2568,2,2367,SEKINCHAN,2568
2569,3,2568,45400,2569
2570,2,2367,SEMENYIH,2570
2571,3,2570,43500,2571
2572,2,2367,SEPANG,2572
2573,3,2572,43900,2573
2574,2,2367,SERDANG,2574
2575,3,2574,43400,2575
2576,2,2367,SERENDAH,2576
2577,3,2576,48200,2577
2578,2,2367,SERI KEMBANGAN,2578
2579,3,2578,43300,2579
2580,2,2367,SHAH ALAM,2580
2581,3,2580,40000,2581
2582,3,2580,40100,2582
2583,3,2580,40150,2583
2584,3,2580,40160,2584
2585,3,2580,40170,2585
2586,3,2580,40200,2586
2587,3,2580,40300,2587
2588,3,2580,40400,2588
2589,3,2580,40450,2589
2590,3,2580,40460,2590
2591,3,2580,40470,2591
2592,3,2580,40500,2592
2593,3,2580,40502,2593
2594,3,2580,40503,2594
2595,3,2580,40505,2595
2596,3,2580,40512,2596
2597,3,2580,40517,2597
2598,3,2580,40520,2598
2599,3,2580,40529,2599
2600,3,2580,40542,2600
2601,3,2580,40548,2601
2602,3,2580,40550,2602
2603,3,2580,40551,2603
2604,3,2580,40560,2604
2605,3,2580,40564,2605
2606,3,2580,40570,2606
2607,3,2580,40572,2607
2608,3,2580,40576,2608
2609,3,2580,40578,2609
2610,3,2580,40582,2610
2611,3,2580,40590,2611
2612,3,2580,40592,2612
2613,3,2580,40594,2613
2614,3,2580,40596,2614
2615,3,2580,40598,2615
2616,3,2580,40604,2616
2617,3,2580,40607,2617
2618,3,2580,40608,2618
2619,3,2580,40610,2619
2620,3,2580,40612,2620
2621,3,2580,40620,2621
2622,3,2580,40622,2622
2623,3,2580,40626,2623
2624,3,2580,40632,2624
2625,3,2580,40646,2625
2626,3,2580,40648,2626
2627,3,2580,40660,2627
2628,3,2580,40664,2628
2629,3,2580,40670,2629
2630,3,2580,40672,2630
2631,3,2580,40673,2631
2632,3,2580,40674,2632
2633,3,2580,40675,2633
2634,3,2580,40676,2634
2635,3,2580,40680,2635
2636,3,2580,40690,2636
2637,3,2580,40700,2637
2638,3,2580,40702,2638
2639,3,2580,40704,2639
2640,3,2580,40706,2640
2641,3,2580,40708,2641
2642,3,2580,40710,2642
2643,3,2580,40712,2643
2644,3,2580,40714,2644
2645,3,2580,40716,2645
2646,3,2580,40718,2646
2647,3,2580,40720,2647
2648,3,2580,40722,2648
2649,3,2580,40724,2649
2650,3,2580,40726,2650
2651,3,2580,40728,2651
2652,3,2580,40730,2652
2653,3,2580,40732,2653
2654,3,2580,40800,2654
2655,3,2580,40802,2655
2656,3,2580,40804,2656
2657,3,2580,40806,2657
2658,3,2580,40808,2658
2659,3,2580,40810,2659
2660,3,2580,40990,2660
2661,2,2367,SUBANG JAYA,2661
2662,3,2661,47200,2662
2663,3,2661,47500,2663
2664,3,2661,47507,2664
2665,3,2661,47600,2665
2666,3,2661,47610,2666
2667,3,2661,47620,2667
2668,3,2661,47630,2668
2669,3,2661,47640,2669
2670,3,2661,47650,2670
2671,2,2367,SUNGAI AYER TAWAR,2671
2672,3,2671,45100,2672
2673,2,2367,SUNGAI BESAR,2673
2674,3,2673,45300,2674
2675,2,2367,SUNGAI BULOH,2675
2676,3,2675,47000,2676
2677,2,2367,SUNGAI PELEK,2677
2678,3,2677,43950,2678
2679,2,2367,TANJONG KARANG,2679
2680,3,2679,45500,2680
2681,2,2367,TANJONG SEPAT,2681
2682,3,2681,42800,2682
2683,2,2367,TELOK PANGLIMA GARANG,2683
2684,3,2683,42425,2684
2685,3,2683,42500,2685
2686,3,2683,42507,2686
2687,3,2683,42509,2687
2688,1,,TERENGGANU,2688
2689,2,2688,AJIL,2689
2690,3,2689,21800,2690
2691,3,2689,21810,2691
2692,3,2689,21820,2692
2693,2,2688,AL MUKTATFI BILLAH SHAH,2693
2694,3,2693,23400,2694
2695,2,2688,AYER PUTEH,2695
2696,3,2695,24050,2696
2697,2,2688,BUKIT BESI,2697
2698,3,2697,23200,2698
2699,2,2688,BUKIT PAYONG,2699
2700,3,2699,21400,2700
2701,2,2688,CENEH,2701
2702,3,2701,24060,2702
2703,2,2688,CHALOK,2703
2704,3,2703,21450,2704
2705,2,2688,CUKAI,2705
2706,3,2705,24000,2706
2707,3,2705,24007,2707
2708,3,2705,24009,2708
2709,2,2688,DUNGUN,2709
2710,3,2709,23000,2710
2711,3,2709,23007,2711
2712,3,2709,23009,2712
2713,3,2709,23050,2713
2714,2,2688,JERTEH,2714
2715,3,2714,22000,2715
2716,3,2714,22010,2716
2717,3,2714,22020,2717
2718,2,2688,KAMPUNG RAJA,2718
2719,3,2718,22200,2719
2720,2,2688,KEMASEK,2720
2721,3,2720,24200,2721
2722,3,2720,24207,2722
2723,3,2720,24209,2723
2724,2,2688,KERTEH,2724
2725,3,2724,24300,2725
2726,2,2688,KETENGAH JAYA,2726
2727,3,2726,23300,2727
2728,2,2688,KIJAL,2728
2729,3,2728,24100,2729
2730,3,2728,24107,2730
2731,3,2728,24109,2731
2732,2,2688,KUALA BERANG,2732
2733,3,2732,21700,2733
2734,2,2688,KUALA BESUT,2734
2735,3,2734,22300,2735
2736,3,2734,22307,2736
2737,3,2734,22309,2737
2738,2,2688,KUALA TERENGGANU,2738
2739,3,2738,20000,2739
2740,3,2738,20050,2740
2741,3,2738,20100,2741
2742,3,2738,20200,2742
2743,3,2738,20300,2743
2744,3,2738,20400,2744
2745,3,2738,20500,2745
2746,3,2738,20502,2746
2747,3,2738,20503,2747
2748,3,2738,20504,2748
2749,3,2738,20505,2749
2750,3,2738,20506,2750
2751,3,2738,20508,2751
2752,3,2738,20512,2752
2753,3,2738,20514,2753
2754,3,2738,20516,2754
2755,3,2738,20517,2755
2756,3,2738,20518,2756
2757,3,2738,20519,2757
2758,3,2738,20520,2758
2759,3,2738,20532,2759
2760,3,2738,20534,2760
2761,3,2738,20536,2761
2762,3,2738,20538,2762
2763,3,2738,20540,2763
2764,3,2738,20542,2764
2765,3,2738,20546,2765
2766,3,2738,20548,2766
2767,3,2738,20550,2767
2768,3,2738,20551,2768
2769,3,2738,20552,2769
2770,3,2738,20554,2770
2771,3,2738,20556,2771
2772,3,2738,20560,2772
2773,3,2738,20564,2773
2774,3,2738,20566,2774
2775,3,2738,20568,2775
2776,3,2738,20570,2776
2777,3,2738,20572,2777
2778,3,2738,20576,2778
2779,3,2738,20578,2779
2780,3,2738,20582,2780
2781,3,2738,20586,2781
2782,3,2738,20590,2782
2783,3,2738,20592,2783
2784,3,2738,20596,2784
2785,3,2738,20600,2785
2786,3,2738,20604,2786
2787,3,2738,20606,2787
2788,3,2738,20608,2788
2789,3,2738,20609,2789
2790,3,2738,20610,2790
2791,3,2738,20612,2791
2792,3,2738,20614,2792
2793,3,2738,20618,2793
2794,3,2738,20620,2794
2795,3,2738,20622,2795
2796,3,2738,20626,2796
2797,3,2738,20628,2797
2798,3,2738,20630,2798
2799,3,2738,20632,2799
2800,3,2738,20646,2800
2801,3,2738,20648,2801
2802,3,2738,20656,2802
2803,3,2738,20658,2803
2804,3,2738,20660,2804
2805,3,2738,20661,2805
2806,3,2738,20662,2806
2807,3,2738,20664,2807
2808,3,2738,20668,2808
2809,3,2738,20670,2809
2810,3,2738,20672,2810
2811,3,2738,20673,2811
2812,3,2738,20674,2812
2813,3,2738,20676,2813
2814,3,2738,20680,2814
2815,3,2738,20690,2815
2816,3,2738,20698,2816
2817,3,2738,20700,2817
2818,3,2738,20710,2818
2819,3,2738,20720,2819
2820,3,2738,20900,2820
2821,3,2738,20902,2821
2822,3,2738,20904,2822
2823,3,2738,20906,2823
2824,3,2738,20908,2824
2825,3,2738,20910,2825
2826,3,2738,20912,2826
2827,3,2738,20914,2827
2828,3,2738,20916,2828
2829,3,2738,20918,2829
2830,3,2738,20920,2830
2831,3,2738,20922,2831
2832,3,2738,20924,2832
2833,3,2738,20926,2833
2834,3,2738,20928,2834
2835,3,2738,20930,2835
2836,3,2738,20990,2836
2837,3,2738,21000,2837
2838,3,2738,21009,2838
2839,3,2738,21010,2839
2840,3,2738,21020,2840
2841,3,2738,21030,2841
2842,3,2738,21040,2842
2843,3,2738,21060,2843
2844,3,2738,21070,2844
2845,3,2738,21080,2845
2846,3,2738,21090,2846
2847,3,2738,21100,2847
2848,3,2738,21109,2848
2849,3,2738,21200,2849
2850,3,2738,21209,2850
2851,3,2738,21210,2851
2852,3,2738,21220,2852
2853,3,2738,21300,2853
2854,3,2738,21309,2854
2855,2,2688,MARANG,2855
2856,3,2855,21600,2856
2857,3,2855,21610,2857
2858,2,2688,PAKA,2858
2859,3,2858,23100,2859
2860,2,2688,PERMAISURI,2860
2861,3,2860,22100,2861
2862,3,2860,22107,2862
2863,3,2860,22109,2863
2864,3,2860,22110,2864
2865,3,2860,22120,2865
2866,2,2688,SUNGAI TONG,2866
2867,3,2866,21500,2867
2868,1,,WILAYAH PERSEKUTUAN KUALA LUMPUR,2868
2869,2,2868,HULU LANGAT,2869
2870,3,2869,53100,2870
2871,2,2868,KUALA LUMPUR,2871
2872,3,2871,50000,2872
2873,3,2871,50050,2873
2874,3,2871,50088,2874
2875,3,2871,50100,2875
2876,3,2871,50150,2876
2877,3,2871,50200,2877
2878,3,2871,50250,2878
2879,3,2871,50300,2879
2880,3,2871,50350,2880
2881,3,2871,50400,2881
2882,3,2871,50450,2882
2883,3,2871,50460,2883
2884,3,2871,50470,2884
2885,3,2871,50480,2885
2886,3,2871,50490,2886
2887,3,2871,50500,2887
2888,3,2871,50502,2888
2889,3,2871,50504,2889
2890,3,2871,50505,2890
2891,3,2871,50506,2891
2892,3,2871,50507,2892
2893,3,2871,50508,2893
2894,3,2871,50512,2894
2895,3,2871,50514,2895
2896,3,2871,50515,2896
2897,3,2871,50519,2897
2898,3,2871,50528,2898
2899,3,2871,50529,2899
2900,3,2871,50530,2900
2901,3,2871,50532,2901
2902,3,2871,50534,2902
2903,3,2871,50536,2903
2904,3,2871,50540,2904
2905,3,2871,50544,2905
2906,3,2871,50546,2906
2907,3,2871,50548,2907
2908,3,2871,50550,2908
2909,3,2871,50551,2909
2910,3,2871,50552,2910
2911,3,2871,50554,2911
2912,3,2871,50556,2912
2913,3,2871,50560,2913
2914,3,2871,50562,2914
2915,3,2871,50564,2915
2916,3,2871,50566,2916
2917,3,2871,50568,2917
2918,3,2871,50572,2918
2919,3,2871,50576,2919
2920,3,2871,50578,2920
2921,3,2871,50580,2921
2922,3,2871,50582,2922
2923,3,2871,50586,2923
2924,3,2871,50588,2924
2925,3,2871,50590,2925
2926,3,2871,50592,2926
2927,3,2871,50594,2927
2928,3,2871,50596,2928
2929,3,2871,50598,2929
2930,3,2871,50599,2930
2931,3,2871,50600,2931
2932,3,2871,50603,2932
2933,3,2871,50604,2933
2934,3,2871,50605,2934
2935,3,2871,50608,2935
2936,3,2871,50609,2936
2937,3,2871,50610,2937
2938,3,2871,50612,2938
2939,3,2871,50614,2939
2940,3,2871,50620,2940
2941,3,2871,50621,2941
2942,3,2871,50622,2942
2943,3,2871,50623,2943
2944,3,2871,50626,2944
2945,3,2871,50632,2945
2946,3,2871,50634,2946
2947,3,2871,50636,2947
2948,3,2871,50638,2948
2949,3,2871,50640,2949
2950,3,2871,50642,2950
2951,3,2871,50644,2951
2952,3,2871,50646,2952
2953,3,2871,50648,2953
2954,3,2871,50650,2954
2955,3,2871,50652,2955
2956,3,2871,50653,2956
2957,3,2871,50656,2957
2958,3,2871,50658,2958
2959,3,2871,50660,2959
2960,3,2871,50661,2960
2961,3,2871,50662,2961
2962,3,2871,50664,2962
2963,3,2871,50666,2963
2964,3,2871,50668,2964
2965,3,2871,50670,2965
2966,3,2871,50672,2966
2967,3,2871,50673,2967
2968,3,2871,50676,2968
2969,3,2871,50677,2969
2970,3,2871,50678,2970
2971,3,2871,50680,2971
2972,3,2871,50682,2972
2973,3,2871,50684,2973
2974,3,2871,50688,2974
2975,3,2871,50694,2975
2976,3,2871,50700,2976
2977,3,2871,50702,2977
2978,3,2871,50704,2978
2979,3,2871,50706,2979
2980,3,2871,50708,2980
2981,3,2871,50710,2981
2982,3,2871,50712,2982
2983,3,2871,50714,2983
2984,3,2871,50716,2984
2985,3,2871,50718,2985
2986,3,2871,50720,2986
2987,3,2871,50722,2987
2988,3,2871,50724,2988
2989,3,2871,50726,2989
2990,3,2871,50728,2990
2991,3,2871,50730,2991
2992,3,2871,50732,2992
2993,3,2871,50734,2993
2994,3,2871,50736,2994
2995,3,2871,50738,2995
2996,3,2871,50740,2996
2997,3,2871,50742,2997
2998,3,2871,50744,2998
2999,3,2871,50746,2999
3000,3,2871,50748,3000
3001,3,2871,50750,3001
3002,3,2871,50752,3002
3003,3,2871,50754,3003
3004,3,2871,50758,3004
3005,3,2871,50760,3005
3006,3,2871,50762,3006
3007,3,2871,50764,3007
3008,3,2871,50766,3008
3009,3,2871,50768,3009
3010,3,2871,50770,3010
3011,3,2871,50772,3011
3012,3,2871,50774,3012
3013,3,2871,50776,3013
3014,3,2871,50778,3014
3015,3,2871,50780,3015
3016,3,2871,50782,3016
3017,3,2871,50784,3017
3018,3,2871,50786,3018
3019,3,2871,50788,3019
3020,3,2871,50790,3020
3021,3,2871,50792,3021
3022,3,2871,50794,3022
3023,3,2871,50796,3023
3024,3,2871,50798,3024
3025,3,2871,50800,3025
3026,3,2871,50802,3026
3027,3,2871,50804,3027
3028,3,2871,50806,3028
3029,3,2871,50808,3029
3030,3,2871,50810,3030
3031,3,2871,50812,3031
3032,3,2871,50814,3032
3033,3,2871,50816,3033
3034,3,2871,50818,3034
3035,3,2871,50901,3035
3036,3,2871,50902,3036
3037,3,2871,50903,3037
3038,3,2871,50904,3038
3039,3,2871,50906,3039
3040,3,2871,50907,3040
3041,3,2871,50908,3041
3042,3,2871,50909,3042
3043,3,2871,50910,3043
3044,3,2871,50911,3044
3045,3,2871,50912,3045
3046,3,2871,50913,3046
3047,3,2871,50914,3047
3048,3,2871,50915,3048
3049,3,2871,50916,3049
3050,3,2871,50917,3050
3051,3,2871,50918,3051
3052,3,2871,50919,3052
3053,3,2871,50920,3053
3054,3,2871,50921,3054
3055,3,2871,50922,3055
3056,3,2871,50923,3056
3057,3,2871,50924,3057
3058,3,2871,50925,3058
3059,3,2871,50926,3059
3060,3,2871,50927,3060
3061,3,2871,50928,3061
3062,3,2871,50929,3062
3063,3,2871,50930,3063
3064,3,2871,50931,3064
3065,3,2871,50932,3065
3066,3,2871,50933,3066
3067,3,2871,50934,3067
3068,3,2871,50935,3068
3069,3,2871,50936,3069
3070,3,2871,50937,3070
3071,3,2871,50938,3071
3072,3,2871,50939,3072
3073,3,2871,50940,3073
3074,3,2871,50941,3074
3075,3,2871,50942,3075
3076,3,2871,50943,3076
3077,3,2871,50944,3077
3078,3,2871,50945,3078
3079,3,2871,50946,3079
3080,3,2871,50947,3080
3081,3,2871,50948,3081
3082,3,2871,50949,3082
3083,3,2871,50950,3083
3084,3,2871,50988,3084
3085,3,2871,50989,3085
3086,3,2871,50990,3086
3087,3,2871,51000,3087
3088,3,2871,51100,3088
3089,3,2871,51200,3089
3090,3,2871,51700,3090
3091,3,2871,51990,3091
3092,3,2871,52000,3092
3093,3,2871,52100,3093
3094,3,2871,52200,3094
3095,3,2871,53000,3095
3096,3,2871,53100,3096
3097,3,2871,53200,3097
3098,3,2871,53300,3098
3099,3,2871,53700,3099
3100,3,2871,53800,3100
3101,3,2871,53990,3101
3102,3,2871,54000,3102
3103,3,2871,54100,3103
3104,3,2871,54200,3104
3105,3,2871,55000,3105
3106,3,2871,55100,3106
3107,3,2871,55200,3107
3108,3,2871,55300,3108
3109,3,2871,55700,3109
3110,3,2871,55710,3110
3111,3,2871,55720,3111
3112,3,2871,55900,3112
3113,3,2871,55902,3113
3114,3,2871,55904,3114
3115,3,2871,55906,3115
3116,3,2871,55908,3116
3117,3,2871,55910,3117
3118,3,2871,55912,3118
3119,3,2871,55914,3119
3120,3,2871,55916,3120
3121,3,2871,55918,3121
3122,3,2871,55920,3122
3123,3,2871,55922,3123
3124,3,2871,55924,3124
3125,3,2871,55926,3125
3126,3,2871,55928,3126
3127,3,2871,55930,3127
3128,3,2871,55932,3128
3129,3,2871,55934,3129
3130,3,2871,55990,3130
3131,3,2871,56000,3131
3132,3,2871,56100,3132
3133,3,2871,57000,3133
3134,3,2871,57100,3134
3135,3,2871,57700,3135
3136,3,2871,57990,3136
3137,3,2871,58000,3137
3138,3,2871,58100,3138
3139,3,2871,58200,3139
3140,3,2871,58700,3140
3141,3,2871,58990,3141
3142,3,2871,59000,3142
3143,3,2871,59100,3143
3144,3,2871,59200,3144
3145,3,2871,59700,3145
3146,3,2871,59800,3146
3147,3,2871,59990,3147
3148,3,2871,60000,3148
3149,1,,WILAYAH PERSEKUTUAN LABUAN,3149
3150,2,3149,LABUAN,3150
3151,3,3150,87000,3151
3152,3,3150,87010,3152
3153,3,3150,87011,3153
3154,3,3150,87012,3154
3155,3,3150,87013,3155
3156,3,3150,87014,3156
3157,3,3150,87015,3157
3158,3,3150,87016,3158
3159,3,3150,87017,3159
3160,3,3150,87018,3160
3161,3,3150,87019,3161
3162,3,3150,87020,3162
3163,3,3150,87021,3163
3164,3,3150,87022,3164
3165,3,3150,87023,3165
3166,3,3150,87024,3166
3167,3,3150,87025,3167
3168,3,3150,87026,3168
3169,3,3150,87027,3169
3170,3,3150,87028,3170
3171,3,3150,87029,3171
3172,3,3150,87030,3172
3173,3,3150,87031,3173
3174,3,3150,87032,3174
3175,3,3150,87033,3175
3176,1,,WILAYAH PERSEKUTUAN PUTRAJAYA,3176
3177,2,3176,PUTRAJAYA,3177
3178,3,3177,62000,3178
3179,3,3177,62007,3179
3180,3,3177,62050,3180
3181,3,3177,62100,3181
3182,3,3177,62150,3182
3183,3,3177,62200,3183
3184,3,3177,62250,3184
3185,3,3177,62300,3185
3186,3,3177,62502,3186
3187,3,3177,62504,3187
3188,3,3177,62505,3188
3189,3,3177,62506,3189
3190,3,3177,62510,3190
3191,3,3177,62512,3191
3192,3,3177,62514,3192
3193,3,3177,62516,3193
3194,3,3177,62517,3194
3195,3,3177,62518,3195
3196,3,3177,62519,3196
3197,3,3177,62520,3197
3198,3,3177,62522,3198
3199,3,3177,62524,3199
3200,3,3177,62526,3200
3201,3,3177,62527,3201
3202,3,3177,62530,3202
3203,3,3177,62532,3203
3204,3,3177,62536,3204
3205,3,3177,62540,3205
3206,3,3177,62542,3206
3207,3,3177,62546,3207
3208,3,3177,62550,3208
3209,3,3177,62551,3209
3210,3,3177,62570,3210
3211,3,3177,62574,3211
3212,3,3177,62576,3212
3213,3,3177,62582,3213
3214,3,3177,62584,3214
3215,3,3177,62590,3215
3216,3,3177,62592,3216
3217,3,3177,62596,3217
3218,3,3177,62602,3218
3219,3,3177,62604,3219
3220,3,3177,62605,3220
3221,3,3177,62606,3221
3222,3,3177,62616,3222
3223,3,3177,62618,3223
3224,3,3177,62620,3224
3225,3,3177,62623,3225
3226,3,3177,62624,3226
3227,3,3177,62628,3227
3228,3,3177,62630,3228
3229,3,3177,62632,3229
3230,3,3177,62648,3230
3231,3,3177,62652,3231
3232,3,3177,62654,3232
3233,3,3177,62662,3233
3234,3,3177,62668,3234
3235,3,3177,62670,3235
3236,3,3177,62674,3236
3237,3,3177,62675,3237
3238,3,3177,62676,3238
3239,3,3177,62677,3239
3240,3,3177,62686,3240
3241,3,3177,62692,3241
3242,3,3177,62988,3242
